id,ΠραγματΗμΠαραλ,ΠραγματΗμΠαραδ,ΗμΑκύρωσης,ΗμΠαραλ,ΗμΠαραδ,Έκπτωση ,ID_Πελάτη,Όνομα_Ασφάλειας,ID_Κατ_Αυτοκ,Παραλ_ID_Καταστ,Παραδ_ID_Καταστ,Κόστος
1,2019-02-16,2019-02-24,2019-02-15,2019-02-16,2019-02-24,69,127,2,6,6,2,195
2,2020-08-26,2020-09-02,,2020-08-26,2020-09-02,19,936,1,2,4,7,143
3,2018-06-20,2018-07-10,2018-06-05,2018-06-20,2018-07-10,12,373,3,3,5,1,461
4,2021-01-22,2021-02-01,,2021-01-22,2021-02-01,31,133,2,2,7,7,654
5,2018-12-02,2018-12-20,,2018-12-02,2018-12-20,25,598,1,2,6,1,719
6,2018-07-23,2018-08-04,,2018-07-23,2018-08-04,25,82,1,5,3,4,789
7,2018-05-28,2018-06-01,2018-05-19,2018-05-28,2018-06-01,48,110,2,2,6,2,106
8,2020-06-12,2020-06-22,2020-06-06,2020-06-12,2020-06-22,64,158,2,2,5,2,147
9,2020-06-06,2020-06-23,,2020-06-06,2020-06-23,67,459,2,1,2,3,544
10,2018-01-03,2018-01-06,,2018-01-03,2018-01-06,4,868,1,5,6,3,169
11,2021-04-22,2021-05-08,2021-04-16,2021-04-22,2021-05-08,61,915,1,1,3,1,393
12,2020-03-02,2020-03-07,,2020-03-02,2020-03-07,64,201,1,4,7,3,665
13,2018-05-18,2018-05-22,,2018-05-18,2018-05-22,16,831,1,6,1,2,472
14,2021-11-08,2021-11-25,,2021-11-08,2021-11-25,4,170,1,1,1,1,417
15,2018-06-24,2018-06-30,,2018-06-24,2018-06-30,0,980,1,2,5,7,697
16,2019-12-26,2019-12-29,,2019-12-26,2019-12-29,68,3,3,3,4,4,282
17,2021-05-25,2021-06-08,,2021-05-25,2021-06-08,18,766,1,1,5,6,443
18,2020-10-09,2020-10-10,,2020-10-09,2020-10-10,7,353,3,6,6,2,281
19,2018-12-24,2019-01-12,2018-12-10,2018-12-24,2019-01-12,21,238,3,4,4,6,478
20,2021-03-23,2021-04-06,,2021-03-23,2021-04-06,61,729,1,4,3,4,188
21,2018-09-15,2018-09-19,2018-09-12,2018-09-15,2018-09-19,67,710,3,3,5,7,107
22,2021-09-27,2021-10-08,,2021-09-27,2021-10-08,64,408,2,3,3,5,131
23,2019-05-02,2019-05-21,2019-04-17,2019-05-02,2019-05-21,19,920,1,3,7,1,657
24,2019-12-27,2020-01-03,,2019-12-27,2020-01-03,66,170,2,3,1,7,486
25,2020-08-05,2020-08-11,,2020-08-05,2020-08-11,37,394,1,3,7,2,670
26,2020-02-10,2020-02-22,2020-02-01,2020-02-10,2020-02-22,45,160,1,4,2,7,132
27,2019-08-13,2019-09-01,,2019-08-13,2019-09-01,52,876,3,6,4,2,220
28,2019-11-15,2019-11-20,,2019-11-15,2019-11-20,15,428,3,5,1,3,679
29,2019-09-23,2019-10-11,,2019-09-23,2019-10-11,63,608,3,5,1,7,304
30,2019-03-24,2019-04-11,2019-03-14,2019-03-24,2019-04-11,53,332,1,6,7,6,444
31,2021-07-03,2021-07-18,,2021-07-03,2021-07-18,5,970,2,3,4,1,523
32,2020-12-19,2020-12-28,,2020-12-19,2020-12-28,56,257,3,2,7,3,568
33,2019-01-22,2019-02-09,2019-01-10,2019-01-22,2019-02-09,60,941,2,3,7,3,466
34,2018-06-03,2018-06-04,,2018-06-03,2018-06-04,70,225,2,5,2,7,463
35,2018-07-17,2018-07-19,,2018-07-17,2018-07-19,61,588,3,4,6,6,563
36,2019-01-17,2019-01-19,,2019-01-17,2019-01-19,59,916,1,6,7,7,461
37,2018-01-13,2018-01-23,,2018-01-13,2018-01-23,23,971,1,2,7,7,147
38,2020-03-18,2020-04-05,,2020-03-18,2020-04-05,10,356,1,4,5,7,587
39,2018-03-30,2018-04-08,,2018-03-30,2018-04-08,28,910,1,3,5,6,225
40,2021-03-23,2021-04-05,,2021-03-23,2021-04-05,46,576,1,2,5,1,212
41,2021-07-30,2021-08-05,,2021-07-30,2021-08-05,55,487,2,6,6,4,134
42,2021-05-08,2021-05-17,,2021-05-08,2021-05-17,50,474,2,3,5,7,142
43,2021-06-18,2021-06-19,,2021-06-18,2021-06-19,1,245,1,5,1,3,430
44,2019-05-20,2019-05-31,,2019-05-20,2019-05-31,33,782,1,2,4,7,280
45,2018-10-04,2018-10-13,2018-09-24,2018-10-04,2018-10-13,35,115,2,2,4,2,217
46,2019-08-15,2019-09-02,,2019-08-15,2019-09-02,50,574,2,1,4,6,288
47,2021-01-09,2021-01-16,2021-01-03,2021-01-09,2021-01-16,26,738,3,2,5,7,746
48,2019-09-02,2019-09-15,,2019-09-02,2019-09-15,67,628,2,3,6,5,230
49,2022-04-26,2022-05-05,,2022-04-26,2022-05-05,17,180,2,4,1,4,483
50,2022-05-03,2022-05-18,,2022-05-03,2022-05-18,8,925,2,3,7,3,246
51,2018-03-24,2018-04-13,2018-03-18,2018-03-24,2018-04-13,7,533,1,5,7,4,488
52,2019-03-09,2019-03-15,,2019-03-09,2019-03-15,2,59,2,6,5,4,396
53,2022-06-01,2022-06-04,,2022-06-01,2022-06-04,65,92,3,5,5,3,214
54,2021-08-08,2021-08-25,,2021-08-08,2021-08-25,3,759,2,6,1,4,563
55,2020-06-19,2020-07-07,,2020-06-19,2020-07-07,25,213,3,6,3,2,542
56,2020-10-30,2020-10-31,,2020-10-30,2020-10-31,63,99,1,2,7,2,722
57,2021-12-02,2021-12-04,,2021-12-02,2021-12-04,14,623,2,1,1,7,442
58,2021-08-13,2021-08-23,,2021-08-13,2021-08-23,26,357,1,3,1,3,426
59,2020-05-06,2020-05-07,2020-05-01,2020-05-06,2020-05-07,68,80,2,1,7,7,450
60,2021-06-25,2021-07-13,,2021-06-25,2021-07-13,1,745,1,6,1,6,228
61,2019-08-21,2019-08-24,,2019-08-21,2019-08-24,53,314,2,6,4,3,527
62,2020-06-18,2020-06-28,,2020-06-18,2020-06-28,52,904,3,2,6,6,681
63,2021-09-04,2021-09-19,,2021-09-04,2021-09-19,4,422,2,6,5,4,475
64,2020-02-16,2020-02-23,,2020-02-16,2020-02-23,22,775,2,2,4,5,751
65,2020-09-09,2020-09-26,,2020-09-09,2020-09-26,45,976,2,6,1,1,670
66,2021-12-17,2022-01-04,,2021-12-17,2022-01-04,9,799,1,3,3,7,292
67,2022-04-08,2022-04-20,,2022-04-08,2022-04-20,35,148,3,4,4,3,395
68,2021-03-24,2021-04-08,,2021-03-24,2021-04-08,67,53,3,4,4,6,635
69,2020-01-26,2020-02-03,,2020-01-26,2020-02-03,30,935,2,6,2,1,443
70,2022-10-27,2022-10-31,,2022-10-27,2022-10-31,3,963,3,4,4,5,171
71,2019-03-12,2019-03-23,,2019-03-12,2019-03-23,27,662,1,4,6,2,170
72,2022-11-20,2022-11-24,,2022-11-20,2022-11-24,27,997,3,3,5,7,482
73,2022-03-08,2022-03-19,,2022-03-08,2022-03-19,26,266,1,2,4,2,363
74,2018-06-02,2018-06-06,,2018-06-02,2018-06-06,62,40,1,4,1,6,777
75,2022-10-10,2022-10-11,,2022-10-10,2022-10-11,44,106,2,4,5,7,301
76,2018-11-29,2018-12-14,,2018-11-29,2018-12-14,19,59,1,4,6,4,246
77,2019-08-15,2019-08-31,,2019-08-15,2019-08-31,43,382,1,5,3,3,788
78,2019-01-29,2019-02-18,,2019-01-29,2019-02-18,33,923,2,4,4,7,514
79,2019-08-19,2019-08-20,,2019-08-19,2019-08-20,34,252,3,4,7,2,568
80,2019-05-01,2019-05-21,,2019-05-01,2019-05-21,0,806,2,3,3,3,613
81,2018-01-23,2018-01-31,,2018-01-23,2018-01-31,52,740,1,5,7,3,332
82,2018-02-22,2018-03-02,2018-02-19,2018-02-22,2018-03-02,67,424,3,3,3,4,787
83,2022-04-02,2022-04-21,,2022-04-02,2022-04-21,65,882,3,3,3,2,106
84,2018-04-17,2018-04-28,,2018-04-17,2018-04-28,53,623,1,3,1,5,251
85,2018-12-15,2018-12-31,,2018-12-15,2018-12-31,65,820,3,3,2,6,621
86,2020-02-11,2020-02-25,,2020-02-11,2020-02-25,6,727,2,2,6,1,425
87,2019-06-18,2019-06-19,,2019-06-18,2019-06-19,63,932,2,4,1,1,316
88,2018-04-13,2018-04-20,,2018-04-13,2018-04-20,44,773,1,6,3,2,738
89,2022-06-24,2022-07-01,,2022-06-24,2022-07-01,29,918,2,6,6,3,342
90,2021-02-13,2021-02-26,,2021-02-13,2021-02-26,10,605,1,5,1,4,721
91,2021-01-18,2021-01-28,,2021-01-18,2021-01-28,19,807,1,6,6,7,202
92,2019-08-11,2019-08-15,,2019-08-11,2019-08-15,21,970,3,1,4,5,166
93,2022-04-21,2022-05-04,,2022-04-21,2022-05-04,51,625,3,5,6,3,146
94,2019-11-26,2019-11-30,,2019-11-26,2019-11-30,46,610,3,4,6,1,750
95,2019-03-12,2019-03-17,2019-03-03,2019-03-12,2019-03-17,15,859,3,1,2,6,362
96,2020-10-16,2020-10-27,,2020-10-16,2020-10-27,60,77,3,6,4,7,666
97,2018-04-29,2018-05-04,,2018-04-29,2018-05-04,21,541,1,1,5,1,609
98,2022-01-30,2022-02-08,2022-01-27,2022-01-30,2022-02-08,42,233,3,5,5,6,387
99,2020-03-25,2020-03-27,,2020-03-25,2020-03-27,41,72,2,2,2,7,242
100,2022-07-18,2022-08-05,,2022-07-18,2022-08-05,8,566,1,2,6,4,672
101,2019-08-05,2019-08-25,2019-07-26,2019-08-05,2019-08-25,7,37,3,2,1,5,304
102,2018-10-12,2018-10-23,,2018-10-12,2018-10-23,55,936,3,1,6,3,793
103,2021-10-31,2021-11-17,,2021-10-31,2021-11-17,36,660,1,4,2,1,460
104,2019-01-08,2019-01-22,,2019-01-08,2019-01-22,1,743,3,1,1,4,487
105,2020-06-10,2020-06-14,,2020-06-10,2020-06-14,44,583,2,2,7,4,313
106,2018-04-30,2018-05-15,2018-04-16,2018-04-30,2018-05-15,5,738,3,2,5,7,359
107,2021-07-24,2021-07-27,2021-07-13,2021-07-24,2021-07-27,68,381,1,3,2,7,156
108,2022-05-22,2022-06-05,,2022-05-22,2022-06-05,50,836,2,2,6,2,245
109,2018-04-08,2018-04-18,2018-03-29,2018-04-08,2018-04-18,42,805,1,1,7,5,280
110,2020-02-11,2020-02-29,,2020-02-11,2020-02-29,8,690,3,3,2,6,273
111,2020-04-18,2020-05-01,,2020-04-18,2020-05-01,60,721,1,5,5,5,409
112,2020-03-04,2020-03-12,2020-02-21,2020-03-04,2020-03-12,42,61,2,2,7,7,535
113,2022-06-24,2022-06-30,,2022-06-24,2022-06-30,63,820,2,3,2,6,439
114,2021-08-19,2021-08-29,,2021-08-19,2021-08-29,24,634,2,6,3,7,797
115,2022-03-22,2022-03-25,,2022-03-22,2022-03-25,47,47,1,2,2,3,273
116,2018-05-05,2018-05-19,,2018-05-05,2018-05-19,19,657,3,5,5,1,619
117,2021-07-18,2021-07-26,,2021-07-18,2021-07-26,32,676,1,1,7,5,402
118,2020-09-13,2020-09-16,,2020-09-13,2020-09-16,35,143,1,1,4,3,225
119,2021-05-02,2021-05-08,,2021-05-02,2021-05-08,19,612,1,5,6,4,723
120,2021-05-30,2021-06-12,,2021-05-30,2021-06-12,32,198,2,3,2,5,131
121,2022-05-17,2022-06-06,,2022-05-17,2022-06-06,45,965,2,3,3,4,676
122,2019-08-07,2019-08-13,,2019-08-07,2019-08-13,54,77,3,6,5,3,419
123,2019-04-12,2019-04-29,,2019-04-12,2019-04-29,11,476,3,5,7,5,689
124,2021-09-22,2021-09-24,,2021-09-22,2021-09-24,35,902,3,6,3,7,203
125,2021-08-10,2021-08-20,,2021-08-10,2021-08-20,0,277,2,2,5,6,789
126,2019-04-30,2019-05-06,,2019-04-30,2019-05-06,3,982,3,5,1,2,795
127,2018-01-26,2018-02-03,,2018-01-26,2018-02-03,4,39,2,1,7,7,750
128,2022-06-19,2022-06-30,,2022-06-19,2022-06-30,69,982,3,3,5,2,715
129,2022-03-27,2022-03-31,,2022-03-27,2022-03-31,36,221,2,4,7,1,662
130,2022-07-25,2022-07-26,,2022-07-25,2022-07-26,54,562,3,4,4,4,208
131,2022-06-25,2022-06-30,,2022-06-25,2022-06-30,36,377,3,2,6,2,711
132,2018-01-19,2018-01-29,,2018-01-19,2018-01-29,31,69,3,4,5,1,434
133,2018-12-10,2018-12-17,,2018-12-10,2018-12-17,43,940,3,2,1,5,285
134,2018-12-28,2018-12-31,,2018-12-28,2018-12-31,45,476,2,1,6,1,512
135,2021-11-15,2021-11-26,,2021-11-15,2021-11-26,39,634,2,5,2,4,513
136,2018-12-29,2019-01-15,,2018-12-29,2019-01-15,21,938,1,1,2,6,407
137,2018-12-28,2019-01-08,,2018-12-28,2019-01-08,55,304,1,6,7,7,110
138,2019-11-20,2019-11-23,2019-11-09,2019-11-20,2019-11-23,26,988,1,6,3,1,737
139,2019-08-08,2019-08-25,,2019-08-08,2019-08-25,32,84,2,3,1,5,518
140,2018-10-16,2018-10-18,,2018-10-16,2018-10-18,33,597,2,5,5,7,614
141,2018-08-19,2018-08-27,,2018-08-19,2018-08-27,58,595,3,2,7,3,598
142,2018-12-01,2018-12-14,,2018-12-01,2018-12-14,54,426,1,1,3,4,361
143,2018-05-19,2018-05-25,,2018-05-19,2018-05-25,63,914,2,1,2,6,445
144,2020-07-01,2020-07-09,,2020-07-01,2020-07-09,70,567,3,1,5,4,115
145,2020-02-16,2020-02-27,,2020-02-16,2020-02-27,3,809,1,3,7,2,448
146,2018-09-05,2018-09-23,,2018-09-05,2018-09-23,38,457,1,1,6,6,433
147,2018-06-12,2018-06-13,,2018-06-12,2018-06-13,39,657,2,3,7,1,263
148,2018-10-27,2018-11-01,,2018-10-27,2018-11-01,20,502,2,3,7,4,768
149,2019-06-20,2019-07-04,,2019-06-20,2019-07-04,9,259,1,1,4,5,228
150,2020-07-15,2020-08-02,2020-07-06,2020-07-15,2020-08-02,31,856,1,2,4,2,468
151,2021-04-21,2021-04-23,,2021-04-21,2021-04-23,2,375,2,1,4,1,338
152,2022-04-27,2022-04-30,,2022-04-27,2022-04-30,36,527,2,5,7,2,603
153,2022-02-21,2022-02-26,,2022-02-21,2022-02-26,12,297,3,5,2,2,638
154,2020-10-26,2020-11-09,2020-10-24,2020-10-26,2020-11-09,62,658,3,2,4,3,709
155,2022-11-20,2022-12-03,,2022-11-20,2022-12-03,52,341,3,4,1,7,782
156,2021-04-18,2021-04-24,2021-04-08,2021-04-18,2021-04-24,30,109,1,1,1,1,695
157,2018-10-01,2018-10-05,,2018-10-01,2018-10-05,12,235,3,4,4,6,271
158,2018-02-27,2018-03-18,,2018-02-27,2018-03-18,60,197,3,6,4,7,155
159,2022-03-17,2022-03-19,2022-03-09,2022-03-17,2022-03-19,54,36,2,6,5,5,555
160,2018-11-14,2018-12-02,,2018-11-14,2018-12-02,36,762,2,2,4,6,417
161,2022-12-09,2022-12-12,2022-12-03,2022-12-09,2022-12-12,58,513,2,3,4,1,516
162,2019-07-08,2019-07-12,,2019-07-08,2019-07-12,53,850,2,3,3,4,171
163,2019-09-26,2019-09-30,2019-09-21,2019-09-26,2019-09-30,1,55,1,5,4,5,490
164,2021-02-13,2021-03-03,,2021-02-13,2021-03-03,34,802,2,3,4,7,172
165,2021-06-21,2021-07-04,,2021-06-21,2021-07-04,2,828,3,4,3,7,115
166,2022-04-04,2022-04-16,,2022-04-04,2022-04-16,6,431,2,5,7,2,655
167,2022-07-09,2022-07-10,,2022-07-09,2022-07-10,57,354,3,1,6,6,755
168,2019-12-14,2019-12-25,,2019-12-14,2019-12-25,27,223,2,2,1,4,629
169,2019-09-01,2019-09-06,,2019-09-01,2019-09-06,36,472,1,1,5,3,585
170,2019-07-18,2019-07-22,,2019-07-18,2019-07-22,56,35,2,4,4,1,477
171,2022-06-17,2022-06-26,,2022-06-17,2022-06-26,31,639,1,5,7,3,575
172,2021-12-13,2022-01-02,,2021-12-13,2022-01-02,69,870,1,1,5,3,378
173,2022-04-07,2022-04-27,,2022-04-07,2022-04-27,18,868,3,2,2,4,120
174,2018-01-23,2018-01-30,,2018-01-23,2018-01-30,1,52,2,6,1,2,244
175,2020-01-25,2020-02-03,,2020-01-25,2020-02-03,48,888,1,3,4,3,130
176,2019-03-21,2019-03-27,,2019-03-21,2019-03-27,13,388,3,4,7,3,525
177,2020-09-06,2020-09-12,2020-08-26,2020-09-06,2020-09-12,58,746,1,4,2,1,578
178,2022-03-09,2022-03-25,,2022-03-09,2022-03-25,56,647,3,4,5,4,758
179,2021-05-30,2021-06-04,2021-05-29,2021-05-30,2021-06-04,51,664,2,4,4,7,370
180,2020-07-15,2020-07-24,,2020-07-15,2020-07-24,4,775,1,4,5,7,289
181,2019-12-20,2019-12-26,,2019-12-20,2019-12-26,31,692,1,6,7,3,705
182,2020-09-15,2020-09-21,,2020-09-15,2020-09-21,0,966,2,2,2,6,715
183,2019-05-05,2019-05-07,,2019-05-05,2019-05-07,50,454,2,6,1,2,206
184,2022-10-11,2022-10-30,,2022-10-11,2022-10-30,57,135,1,4,3,4,380
185,2018-04-13,2018-04-29,,2018-04-13,2018-04-29,9,534,2,5,6,7,619
186,2019-05-08,2019-05-10,,2019-05-08,2019-05-10,61,421,1,6,6,5,530
187,2020-01-06,2020-01-24,,2020-01-06,2020-01-24,50,530,2,4,1,2,102
188,2019-02-01,2019-02-20,,2019-02-01,2019-02-20,51,453,1,2,6,6,591
189,2022-07-16,2022-08-05,,2022-07-16,2022-08-05,36,637,2,1,4,4,623
190,2020-12-01,2020-12-10,2020-11-23,2020-12-01,2020-12-10,43,89,2,6,3,4,213
191,2018-06-30,2018-07-07,2018-06-16,2018-06-30,2018-07-07,4,985,1,3,5,5,423
192,2022-11-27,2022-12-02,,2022-11-27,2022-12-02,15,868,3,1,2,4,566
193,2020-10-19,2020-11-06,,2020-10-19,2020-11-06,39,532,2,5,5,2,452
194,2018-04-14,2018-05-02,,2018-04-14,2018-05-02,68,9,1,2,1,4,694
195,2021-05-31,2021-06-06,,2021-05-31,2021-06-06,23,373,1,5,4,1,400
196,2021-01-16,2021-01-21,,2021-01-16,2021-01-21,32,424,2,1,1,6,582
197,2020-11-30,2020-12-02,,2020-11-30,2020-12-02,21,2,1,6,2,1,184
198,2019-04-20,2019-05-01,,2019-04-20,2019-05-01,46,870,3,6,4,3,242
199,2020-05-02,2020-05-14,,2020-05-02,2020-05-14,69,935,1,2,7,4,264
200,2020-04-20,2020-05-08,,2020-04-20,2020-05-08,68,712,3,5,5,2,298
201,2019-12-27,2020-01-12,,2019-12-27,2020-01-12,29,642,3,4,4,6,551
202,2019-11-12,2019-12-02,,2019-11-12,2019-12-02,57,985,2,5,6,4,399
203,2022-09-25,2022-10-13,2022-09-24,2022-09-25,2022-10-13,8,948,3,4,3,3,451
204,2021-10-07,2021-10-08,,2021-10-07,2021-10-08,65,247,2,5,7,5,526
205,2022-01-09,2022-01-27,,2022-01-09,2022-01-27,65,813,3,6,7,3,510
206,2022-01-22,2022-02-06,2022-01-16,2022-01-22,2022-02-06,7,611,2,6,4,4,587
207,2022-02-20,2022-03-08,,2022-02-20,2022-03-08,20,455,2,6,5,2,708
208,2018-03-10,2018-03-27,,2018-03-10,2018-03-27,12,642,3,2,4,6,120
209,2018-03-22,2018-03-29,2018-03-19,2018-03-22,2018-03-29,66,380,3,1,5,1,442
210,2018-07-14,2018-07-18,,2018-07-14,2018-07-18,24,834,2,6,3,1,318
211,2022-07-02,2022-07-07,,2022-07-02,2022-07-07,23,416,1,2,5,1,744
212,2021-03-20,2021-04-07,,2021-03-20,2021-04-07,33,784,1,4,6,2,232
213,2020-04-20,2020-04-29,,2020-04-20,2020-04-29,46,8,1,3,6,5,277
214,2020-05-05,2020-05-17,2020-04-26,2020-05-05,2020-05-17,41,708,2,2,2,7,299
215,2018-09-01,2018-09-04,,2018-09-01,2018-09-04,20,797,2,1,4,7,323
216,2018-04-05,2018-04-15,2018-04-04,2018-04-05,2018-04-15,49,113,1,3,6,4,482
217,2019-04-20,2019-04-29,,2019-04-20,2019-04-29,10,300,3,4,2,4,412
218,2018-01-10,2018-01-18,,2018-01-10,2018-01-18,18,308,3,5,3,1,506
219,2019-02-08,2019-02-26,,2019-02-08,2019-02-26,12,788,3,1,5,7,723
220,2021-02-21,2021-03-12,,2021-02-21,2021-03-12,19,575,1,2,7,7,292
221,2020-08-08,2020-08-14,,2020-08-08,2020-08-14,70,46,2,1,4,5,289
222,2019-12-23,2020-01-11,,2019-12-23,2020-01-11,28,438,1,3,2,2,512
223,2022-04-16,2022-04-19,,2022-04-16,2022-04-19,32,755,1,4,6,7,586
224,2020-02-28,2020-03-01,,2020-02-28,2020-03-01,19,733,3,5,3,7,354
225,2021-11-17,2021-11-23,,2021-11-17,2021-11-23,13,991,1,6,2,1,242
226,2018-02-09,2018-02-16,,2018-02-09,2018-02-16,29,852,1,5,7,2,767
227,2018-10-12,2018-10-23,2018-09-29,2018-10-12,2018-10-23,23,163,2,5,5,7,523
228,2019-04-16,2019-04-28,,2019-04-16,2019-04-28,37,201,2,1,5,2,192
229,2018-03-30,2018-04-06,,2018-03-30,2018-04-06,57,381,1,5,1,1,538
230,2021-07-09,2021-07-21,,2021-07-09,2021-07-21,65,979,1,4,3,7,729
231,2018-12-04,2018-12-23,2018-11-20,2018-12-04,2018-12-23,57,134,1,5,5,4,449
232,2020-05-16,2020-05-31,2020-05-08,2020-05-16,2020-05-31,57,773,2,3,6,5,264
233,2022-01-12,2022-01-30,,2022-01-12,2022-01-30,65,937,1,5,4,7,216
234,2019-12-15,2019-12-31,,2019-12-15,2019-12-31,0,75,1,2,5,7,248
235,2021-09-12,2021-09-24,2021-09-07,2021-09-12,2021-09-24,36,905,3,5,2,2,707
236,2019-10-06,2019-10-20,,2019-10-06,2019-10-20,28,95,3,2,5,6,431
237,2019-01-24,2019-01-30,,2019-01-24,2019-01-30,45,753,2,2,4,6,785
238,2022-11-03,2022-11-11,,2022-11-03,2022-11-11,44,53,3,5,5,2,354
239,2020-01-25,2020-01-29,,2020-01-25,2020-01-29,15,798,1,1,1,5,799
240,2018-08-26,2018-08-30,,2018-08-26,2018-08-30,64,856,3,2,3,5,587
241,2020-01-23,2020-01-26,,2020-01-23,2020-01-26,17,387,1,6,7,5,107
242,2021-11-16,2021-11-30,,2021-11-16,2021-11-30,61,966,1,6,6,4,785
243,2020-08-31,2020-09-12,,2020-08-31,2020-09-12,3,184,1,6,2,1,649
244,2022-11-08,2022-11-26,2022-10-29,2022-11-08,2022-11-26,7,823,1,3,3,3,595
245,2022-11-28,2022-12-02,,2022-11-28,2022-12-02,50,180,1,4,4,1,587
246,2018-04-11,2018-04-27,,2018-04-11,2018-04-27,9,620,2,6,3,5,167
247,2018-07-19,2018-07-23,,2018-07-19,2018-07-23,51,413,1,6,6,2,496
248,2018-07-23,2018-07-24,,2018-07-23,2018-07-24,66,693,3,4,3,1,497
249,2019-06-11,2019-06-24,,2019-06-11,2019-06-24,33,634,2,1,2,2,478
250,2018-04-19,2018-05-03,,2018-04-19,2018-05-03,30,548,1,5,3,2,702
251,2022-10-17,2022-11-03,,2022-10-17,2022-11-03,22,514,1,5,3,5,758
252,2020-08-03,2020-08-07,,2020-08-03,2020-08-07,0,53,1,5,2,7,238
253,2020-05-01,2020-05-06,,2020-05-01,2020-05-06,3,392,3,6,1,2,363
254,2021-07-11,2021-07-20,,2021-07-11,2021-07-20,6,356,3,3,1,2,731
255,2020-10-22,2020-10-28,,2020-10-22,2020-10-28,0,47,2,2,6,4,236
256,2019-01-10,2019-01-13,,2019-01-10,2019-01-13,16,876,1,3,4,7,656
257,2022-07-20,2022-08-09,,2022-07-20,2022-08-09,37,337,3,1,5,4,281
258,2021-05-24,2021-06-03,,2021-05-24,2021-06-03,47,892,2,1,2,2,369
259,2018-07-15,2018-07-19,,2018-07-15,2018-07-19,51,432,3,4,4,2,308
260,2020-06-15,2020-06-26,2020-06-01,2020-06-15,2020-06-26,4,666,3,4,5,6,572
261,2019-01-14,2019-02-02,,2019-01-14,2019-02-02,61,689,2,2,5,2,454
262,2020-08-20,2020-09-06,,2020-08-20,2020-09-06,37,784,1,3,3,4,670
263,2019-01-21,2019-02-09,,2019-01-21,2019-02-09,15,61,3,4,3,5,105
264,2022-09-23,2022-10-10,,2022-09-23,2022-10-10,15,732,1,4,7,7,161
265,2021-05-20,2021-06-08,,2021-05-20,2021-06-08,68,952,3,3,2,7,496
266,2018-06-22,2018-06-30,,2018-06-22,2018-06-30,4,1000,2,1,7,3,353
267,2022-08-15,2022-08-21,,2022-08-15,2022-08-21,11,847,3,6,7,4,301
268,2018-03-12,2018-03-25,,2018-03-12,2018-03-25,30,168,2,3,7,3,225
269,2021-11-19,2021-12-08,2021-11-16,2021-11-19,2021-12-08,31,11,1,5,4,3,276
270,2019-02-18,2019-02-19,,2019-02-18,2019-02-19,59,558,1,3,3,5,182
271,2020-04-10,2020-04-21,2020-03-30,2020-04-10,2020-04-21,69,56,1,6,2,1,145
272,2022-10-30,2022-11-06,,2022-10-30,2022-11-06,42,235,2,5,4,5,141
273,2022-05-27,2022-06-12,,2022-05-27,2022-06-12,19,877,1,6,3,3,395
274,2020-09-02,2020-09-15,,2020-09-02,2020-09-15,29,753,1,1,3,7,184
275,2019-12-25,2019-12-27,2019-12-16,2019-12-25,2019-12-27,46,38,3,2,3,5,233
276,2019-12-24,2020-01-11,2019-12-10,2019-12-24,2020-01-11,53,596,1,3,3,5,191
277,2020-05-01,2020-05-14,,2020-05-01,2020-05-14,22,627,2,5,4,2,334
278,2020-08-15,2020-08-20,,2020-08-15,2020-08-20,12,274,2,1,4,4,417
279,2019-11-28,2019-12-05,2019-11-24,2019-11-28,2019-12-05,29,948,3,4,5,5,662
280,2021-08-18,2021-08-21,,2021-08-18,2021-08-21,53,222,2,5,3,2,542
281,2021-08-15,2021-08-31,,2021-08-15,2021-08-31,64,676,3,5,6,7,109
282,2021-03-15,2021-03-23,,2021-03-15,2021-03-23,54,497,1,5,5,1,529
283,2018-12-20,2018-12-23,2018-12-16,2018-12-20,2018-12-23,45,922,1,4,5,5,717
284,2022-08-25,2022-09-14,,2022-08-25,2022-09-14,37,906,1,2,2,3,491
285,2022-06-20,2022-06-26,,2022-06-20,2022-06-26,11,409,3,5,3,1,486
286,2018-06-19,2018-07-08,,2018-06-19,2018-07-08,58,998,1,6,5,1,459
287,2019-08-07,2019-08-12,,2019-08-07,2019-08-12,53,858,1,3,6,2,159
288,2022-06-18,2022-06-26,2022-06-14,2022-06-18,2022-06-26,36,468,1,2,3,1,186
289,2022-11-04,2022-11-05,,2022-11-04,2022-11-05,68,92,2,2,7,2,434
290,2021-07-29,2021-08-01,,2021-07-29,2021-08-01,42,299,3,2,1,5,303
291,2018-07-20,2018-08-02,,2018-07-20,2018-08-02,12,626,2,4,2,6,523
292,2020-08-30,2020-09-06,,2020-08-30,2020-09-06,49,777,3,4,1,2,387
293,2019-07-16,2019-07-22,,2019-07-16,2019-07-22,22,605,3,4,4,2,287
294,2018-02-17,2018-02-27,,2018-02-17,2018-02-27,14,221,1,4,7,4,314
295,2020-01-11,2020-01-18,,2020-01-11,2020-01-18,38,120,2,4,4,4,556
296,2019-01-12,2019-01-19,,2019-01-12,2019-01-19,3,512,1,2,1,7,366
297,2021-05-19,2021-06-08,,2021-05-19,2021-06-08,43,652,3,3,1,4,201
298,2018-09-25,2018-09-27,2018-09-10,2018-09-25,2018-09-27,65,290,2,4,3,6,713
299,2018-01-04,2018-01-06,,2018-01-04,2018-01-06,63,993,2,3,1,7,108
300,2021-07-14,2021-07-18,,2021-07-14,2021-07-18,66,35,3,3,4,6,485
301,2018-02-21,2018-02-26,,2018-02-21,2018-02-26,20,312,1,3,5,2,476
302,2018-04-16,2018-04-19,,2018-04-16,2018-04-19,58,730,3,5,4,2,774
303,2019-09-17,2019-09-28,,2019-09-17,2019-09-28,68,859,1,4,1,1,183
304,2020-05-16,2020-05-28,,2020-05-16,2020-05-28,36,273,1,1,5,1,128
305,2019-03-31,2019-04-06,,2019-03-31,2019-04-06,55,345,2,2,4,7,177
306,2018-11-07,2018-11-27,,2018-11-07,2018-11-27,24,969,1,2,2,2,382
307,2021-06-01,2021-06-11,2021-05-24,2021-06-01,2021-06-11,69,53,2,5,3,3,268
308,2018-10-07,2018-10-19,,2018-10-07,2018-10-19,11,394,3,6,3,6,488
309,2022-11-29,2022-12-07,2022-11-22,2022-11-29,2022-12-07,14,34,3,6,6,5,404
310,2022-03-17,2022-03-20,,2022-03-17,2022-03-20,59,105,2,2,5,1,379
311,2021-02-07,2021-02-14,,2021-02-07,2021-02-14,11,252,2,5,2,3,105
312,2018-09-03,2018-09-21,2018-08-30,2018-09-03,2018-09-21,3,765,3,3,2,6,494
313,2022-02-24,2022-02-27,,2022-02-24,2022-02-27,33,212,1,2,3,4,726
314,2020-08-23,2020-09-05,2020-08-17,2020-08-23,2020-09-05,51,364,1,4,1,2,398
315,2022-10-07,2022-10-09,2022-09-27,2022-10-07,2022-10-09,41,883,1,4,4,2,563
316,2022-07-03,2022-07-09,,2022-07-03,2022-07-09,40,144,1,5,7,6,572
317,2020-06-18,2020-06-25,,2020-06-18,2020-06-25,50,289,2,3,4,4,561
318,2021-01-11,2021-01-25,,2021-01-11,2021-01-25,49,6,2,6,1,4,746
319,2022-03-28,2022-04-03,,2022-03-28,2022-04-03,31,830,3,5,5,6,651
320,2022-06-06,2022-06-08,,2022-06-06,2022-06-08,29,421,3,4,1,4,699
321,2020-12-10,2020-12-25,,2020-12-10,2020-12-25,47,820,1,3,1,5,315
322,2019-03-23,2019-03-31,,2019-03-23,2019-03-31,16,112,2,1,3,5,522
323,2020-08-28,2020-08-30,,2020-08-28,2020-08-30,1,709,3,3,5,7,598
324,2019-03-19,2019-03-25,,2019-03-19,2019-03-25,44,308,3,2,6,5,155
325,2020-06-06,2020-06-25,2020-05-24,2020-06-06,2020-06-25,56,777,1,1,4,2,241
326,2022-06-12,2022-06-16,,2022-06-12,2022-06-16,20,411,2,3,4,2,788
327,2019-07-17,2019-07-19,,2019-07-17,2019-07-19,16,235,3,6,3,1,249
328,2020-10-25,2020-11-08,,2020-10-25,2020-11-08,5,915,3,4,2,4,456
329,2018-02-27,2018-03-01,,2018-02-27,2018-03-01,27,787,1,2,1,4,786
330,2021-10-10,2021-10-15,,2021-10-10,2021-10-15,25,397,2,1,2,5,324
331,2018-01-12,2018-01-16,,2018-01-12,2018-01-16,39,75,2,2,1,1,566
332,2022-04-23,2022-04-25,2022-04-16,2022-04-23,2022-04-25,32,639,1,6,6,7,623
333,2020-06-27,2020-07-13,,2020-06-27,2020-07-13,28,92,2,2,1,2,560
334,2021-12-21,2021-12-31,2021-12-14,2021-12-21,2021-12-31,39,62,3,3,5,3,324
335,2021-01-22,2021-01-30,,2021-01-22,2021-01-30,39,295,3,6,6,1,210
336,2021-04-12,2021-05-01,,2021-04-12,2021-05-01,49,784,3,1,2,4,625
337,2018-09-18,2018-10-04,,2018-09-18,2018-10-04,56,752,2,3,5,4,400
338,2022-01-12,2022-01-20,,2022-01-12,2022-01-20,49,571,1,1,5,2,126
339,2018-01-03,2018-01-19,,2018-01-03,2018-01-19,37,355,3,4,2,2,498
340,2019-01-21,2019-01-27,2019-01-09,2019-01-21,2019-01-27,12,75,2,5,2,5,454
341,2019-12-25,2020-01-07,2019-12-24,2019-12-25,2020-01-07,10,229,1,1,2,6,438
342,2019-12-31,2020-01-15,,2019-12-31,2020-01-15,17,692,1,1,4,1,453
343,2020-12-23,2021-01-10,,2020-12-23,2021-01-10,12,231,2,2,3,2,229
344,2018-11-23,2018-11-27,2018-11-18,2018-11-23,2018-11-27,37,238,3,1,4,3,488
345,2019-08-15,2019-09-02,2019-08-04,2019-08-15,2019-09-02,66,490,1,6,2,3,214
346,2018-08-25,2018-09-09,,2018-08-25,2018-09-09,64,766,3,6,4,1,378
347,2021-08-01,2021-08-07,2021-07-29,2021-08-01,2021-08-07,18,863,1,6,7,7,566
348,2022-01-03,2022-01-08,2021-12-23,2022-01-03,2022-01-08,2,826,2,4,2,4,643
349,2022-12-05,2022-12-16,,2022-12-05,2022-12-16,53,627,2,1,5,1,567
350,2022-04-01,2022-04-10,2022-03-26,2022-04-01,2022-04-10,67,410,2,5,6,5,230
351,2022-08-02,2022-08-18,2022-07-19,2022-08-02,2022-08-18,58,145,2,5,2,3,388
352,2022-08-17,2022-08-21,,2022-08-17,2022-08-21,9,317,1,5,3,2,549
353,2020-10-11,2020-10-26,,2020-10-11,2020-10-26,60,282,3,6,2,2,138
354,2021-06-03,2021-06-11,,2021-06-03,2021-06-11,46,147,1,3,3,5,748
355,2022-11-27,2022-12-13,,2022-11-27,2022-12-13,44,402,2,2,4,2,411
356,2021-10-28,2021-11-15,,2021-10-28,2021-11-15,0,390,3,1,2,7,723
357,2022-12-23,2023-01-10,2022-12-20,2022-12-23,2023-01-10,55,931,1,5,7,7,734
358,2020-05-16,2020-05-22,,2020-05-16,2020-05-22,44,26,3,5,7,5,583
359,2022-07-30,2022-08-12,,2022-07-30,2022-08-12,18,210,2,1,2,2,690
360,2019-12-18,2019-12-23,,2019-12-18,2019-12-23,47,640,3,6,7,1,699
361,2022-12-01,2022-12-06,,2022-12-01,2022-12-06,50,593,1,6,4,4,663
362,2021-04-14,2021-04-20,,2021-04-14,2021-04-20,24,931,2,4,1,2,464
363,2021-02-10,2021-02-20,,2021-02-10,2021-02-20,31,37,2,3,4,6,134
364,2019-07-14,2019-07-19,,2019-07-14,2019-07-19,31,901,1,6,5,2,677
365,2020-05-14,2020-05-28,,2020-05-14,2020-05-28,57,258,3,3,4,2,225
366,2022-09-01,2022-09-17,,2022-09-01,2022-09-17,59,405,1,4,4,3,702
367,2019-04-20,2019-05-08,,2019-04-20,2019-05-08,4,253,1,4,2,3,200
368,2020-07-03,2020-07-16,2020-07-01,2020-07-03,2020-07-16,65,884,3,1,5,3,237
369,2021-08-21,2021-08-22,,2021-08-21,2021-08-22,65,10,3,5,5,2,546
370,2018-03-19,2018-03-30,,2018-03-19,2018-03-30,17,45,3,1,5,3,732
371,2021-07-07,2021-07-24,,2021-07-07,2021-07-24,19,56,3,5,7,5,617
372,2021-01-26,2021-02-03,,2021-01-26,2021-02-03,43,203,1,2,3,3,397
373,2021-03-13,2021-03-31,,2021-03-13,2021-03-31,54,716,3,5,7,4,355
374,2019-07-19,2019-07-29,,2019-07-19,2019-07-29,22,704,1,6,5,5,401
375,2021-10-27,2021-11-08,,2021-10-27,2021-11-08,32,730,2,5,1,7,601
376,2021-10-03,2021-10-18,,2021-10-03,2021-10-18,58,668,1,3,1,7,537
377,2020-03-08,2020-03-28,,2020-03-08,2020-03-28,45,402,1,6,6,6,762
378,2020-12-10,2020-12-24,,2020-12-10,2020-12-24,2,997,2,6,7,6,371
379,2022-07-21,2022-07-30,,2022-07-21,2022-07-30,10,543,2,4,3,3,152
380,2022-01-17,2022-02-03,,2022-01-17,2022-02-03,18,148,1,4,2,2,551
381,2021-02-15,2021-03-06,,2021-02-15,2021-03-06,47,597,2,6,3,7,461
382,2022-02-07,2022-02-27,,2022-02-07,2022-02-27,18,554,1,1,5,1,615
383,2020-12-23,2021-01-12,2020-12-13,2020-12-23,2021-01-12,45,966,3,4,4,7,653
384,2018-11-10,2018-11-13,,2018-11-10,2018-11-13,41,38,1,5,4,5,469
385,2019-01-01,2019-01-07,,2019-01-01,2019-01-07,14,836,3,2,6,3,658
386,2022-11-10,2022-11-17,,2022-11-10,2022-11-17,19,143,2,3,7,7,384
387,2019-06-20,2019-06-21,,2019-06-20,2019-06-21,45,153,1,3,3,5,292
388,2018-07-30,2018-08-03,,2018-07-30,2018-08-03,55,957,1,5,4,2,579
389,2021-08-20,2021-08-28,2021-08-15,2021-08-20,2021-08-28,62,273,3,2,1,2,636
390,2018-10-01,2018-10-15,,2018-10-01,2018-10-15,11,335,2,6,2,2,693
391,2019-11-26,2019-11-28,,2019-11-26,2019-11-28,12,98,3,2,7,2,271
392,2019-03-21,2019-03-24,,2019-03-21,2019-03-24,26,706,3,2,5,6,611
393,2022-07-05,2022-07-14,,2022-07-05,2022-07-14,62,668,3,2,7,4,587
394,2018-12-07,2018-12-10,2018-12-03,2018-12-07,2018-12-10,68,790,2,3,1,2,122
395,2019-11-17,2019-11-20,,2019-11-17,2019-11-20,27,164,3,5,7,6,464
396,2020-01-03,2020-01-23,,2020-01-03,2020-01-23,62,851,3,6,7,6,376
397,2021-09-08,2021-09-13,2021-09-07,2021-09-08,2021-09-13,67,472,1,4,5,3,666
398,2022-11-08,2022-11-10,,2022-11-08,2022-11-10,2,62,3,3,2,5,520
399,2018-01-01,2018-01-10,,2018-01-01,2018-01-10,9,984,1,2,2,2,443
400,2019-07-23,2019-07-29,2019-07-22,2019-07-23,2019-07-29,20,337,1,5,3,7,623
401,2021-02-11,2021-02-26,,2021-02-11,2021-02-26,42,698,2,5,2,3,563
402,2022-02-21,2022-03-12,2022-02-08,2022-02-21,2022-03-12,17,86,2,1,7,2,782
403,2018-10-07,2018-10-17,2018-10-03,2018-10-07,2018-10-17,0,743,2,4,1,2,156
404,2018-01-11,2018-01-23,,2018-01-11,2018-01-23,31,354,2,5,7,1,430
405,2020-11-30,2020-12-18,,2020-11-30,2020-12-18,7,273,1,2,1,1,292
406,2018-11-02,2018-11-19,,2018-11-02,2018-11-19,33,628,3,2,4,3,783
407,2018-05-22,2018-05-26,,2018-05-22,2018-05-26,26,41,2,5,3,6,760
408,2020-10-04,2020-10-10,,2020-10-04,2020-10-10,8,315,2,1,5,7,120
409,2020-08-21,2020-09-02,,2020-08-21,2020-09-02,23,995,2,2,1,1,629
410,2018-09-13,2018-09-19,2018-09-06,2018-09-13,2018-09-19,29,398,1,4,3,4,468
411,2021-05-18,2021-05-29,2021-05-13,2021-05-18,2021-05-29,19,791,1,2,1,6,109
412,2018-11-13,2018-11-25,,2018-11-13,2018-11-25,32,395,3,5,4,5,281
413,2022-06-12,2022-06-14,,2022-06-12,2022-06-14,63,891,2,3,1,5,533
414,2018-06-13,2018-06-22,,2018-06-13,2018-06-22,37,881,2,1,7,1,773
415,2022-10-01,2022-10-03,2022-09-23,2022-10-01,2022-10-03,2,850,3,1,2,3,537
416,2018-05-17,2018-05-31,,2018-05-17,2018-05-31,62,688,3,6,6,6,197
417,2019-06-22,2019-07-09,,2019-06-22,2019-07-09,7,603,2,4,7,2,350
418,2022-10-10,2022-10-22,,2022-10-10,2022-10-22,49,343,1,2,2,5,568
419,2019-06-15,2019-07-02,,2019-06-15,2019-07-02,15,58,2,3,6,7,665
420,2021-06-03,2021-06-09,,2021-06-03,2021-06-09,61,407,2,4,3,6,330
421,2022-09-14,2022-09-29,,2022-09-14,2022-09-29,6,745,3,1,2,6,300
422,2020-08-31,2020-09-18,,2020-08-31,2020-09-18,36,399,1,2,5,3,271
423,2020-12-22,2021-01-07,2020-12-18,2020-12-22,2021-01-07,68,514,3,5,2,4,140
424,2021-11-09,2021-11-29,,2021-11-09,2021-11-29,40,783,2,1,1,2,327
425,2021-01-18,2021-02-04,2021-01-07,2021-01-18,2021-02-04,68,758,2,5,4,5,553
426,2018-12-14,2018-12-21,,2018-12-14,2018-12-21,64,568,3,4,2,6,200
427,2020-08-21,2020-09-10,,2020-08-21,2020-09-10,1,958,1,3,5,6,527
428,2020-03-09,2020-03-24,,2020-03-09,2020-03-24,3,67,2,6,2,3,124
429,2021-07-22,2021-07-26,2021-07-15,2021-07-22,2021-07-26,65,723,3,5,4,5,614
430,2020-11-23,2020-11-27,,2020-11-23,2020-11-27,37,958,1,4,2,1,306
431,2021-04-08,2021-04-14,,2021-04-08,2021-04-14,46,170,1,2,1,3,713
432,2022-03-18,2022-03-30,,2022-03-18,2022-03-30,52,593,1,3,6,4,277
433,2022-05-05,2022-05-22,,2022-05-05,2022-05-22,37,89,3,4,4,3,130
434,2021-03-21,2021-03-24,,2021-03-21,2021-03-24,46,166,2,6,3,3,202
435,2018-11-23,2018-11-24,,2018-11-23,2018-11-24,36,936,1,3,5,7,116
436,2021-07-12,2021-07-15,,2021-07-12,2021-07-15,37,109,2,1,6,6,581
437,2022-03-28,2022-04-17,,2022-03-28,2022-04-17,33,736,3,1,2,2,784
438,2018-07-09,2018-07-22,,2018-07-09,2018-07-22,25,88,3,4,2,6,110
439,2022-01-07,2022-01-14,,2022-01-07,2022-01-14,20,314,3,6,6,4,628
440,2021-03-28,2021-04-06,,2021-03-28,2021-04-06,64,300,3,2,7,5,408
441,2021-06-15,2021-06-22,,2021-06-15,2021-06-22,65,52,3,5,7,6,420
442,2021-06-27,2021-07-10,,2021-06-27,2021-07-10,34,542,1,2,6,6,684
443,2019-08-06,2019-08-26,,2019-08-06,2019-08-26,13,324,2,6,3,1,527
444,2020-10-06,2020-10-11,,2020-10-06,2020-10-11,42,34,1,2,1,4,648
445,2019-12-27,2019-12-31,,2019-12-27,2019-12-31,12,837,2,2,6,3,581
446,2020-09-10,2020-09-29,,2020-09-10,2020-09-29,29,196,1,3,5,2,742
447,2020-11-28,2020-12-04,,2020-11-28,2020-12-04,45,595,2,5,3,5,503
448,2021-12-04,2021-12-08,,2021-12-04,2021-12-08,7,676,3,3,1,1,252
449,2018-01-25,2018-02-13,2018-01-16,2018-01-25,2018-02-13,55,362,3,6,4,7,176
450,2018-12-27,2019-01-05,2018-12-12,2018-12-27,2019-01-05,43,40,1,3,4,6,331
451,2021-04-30,2021-05-19,2021-04-18,2021-04-30,2021-05-19,41,558,1,6,2,4,662
452,2021-10-02,2021-10-04,,2021-10-02,2021-10-04,14,50,2,1,3,4,258
453,2022-03-12,2022-04-01,,2022-03-12,2022-04-01,3,332,2,5,6,4,248
454,2018-04-29,2018-05-18,2018-04-19,2018-04-29,2018-05-18,66,367,3,2,4,1,525
455,2019-08-23,2019-08-29,,2019-08-23,2019-08-29,30,619,3,2,3,4,243
456,2021-11-20,2021-12-07,,2021-11-20,2021-12-07,54,690,1,5,5,5,621
457,2019-03-21,2019-03-25,,2019-03-21,2019-03-25,14,425,1,5,2,2,434
458,2019-02-08,2019-02-09,2019-02-07,2019-02-08,2019-02-09,20,571,1,2,5,2,655
459,2018-03-27,2018-03-31,,2018-03-27,2018-03-31,59,158,2,4,6,4,263
460,2018-08-02,2018-08-14,,2018-08-02,2018-08-14,67,260,1,4,4,7,408
461,2020-10-07,2020-10-16,,2020-10-07,2020-10-16,23,658,1,5,6,2,526
462,2022-02-09,2022-02-23,,2022-02-09,2022-02-23,52,614,2,2,4,6,799
463,2020-03-01,2020-03-07,,2020-03-01,2020-03-07,10,115,2,4,2,7,369
464,2022-11-23,2022-12-06,,2022-11-23,2022-12-06,15,664,3,4,5,3,121
465,2018-01-31,2018-02-14,,2018-01-31,2018-02-14,55,358,2,4,4,7,393
466,2019-02-22,2019-02-23,,2019-02-22,2019-02-23,67,575,3,3,3,7,250
467,2022-01-30,2022-02-15,,2022-01-30,2022-02-15,54,968,3,1,5,3,168
468,2019-09-10,2019-09-23,,2019-09-10,2019-09-23,11,439,3,4,7,2,102
469,2018-10-16,2018-10-26,,2018-10-16,2018-10-26,46,90,3,2,5,5,732
470,2020-09-07,2020-09-22,,2020-09-07,2020-09-22,22,386,1,3,1,2,283
471,2019-02-08,2019-02-28,,2019-02-08,2019-02-28,15,46,2,4,5,7,753
472,2019-05-22,2019-05-23,2019-05-20,2019-05-22,2019-05-23,15,164,2,5,6,3,469
473,2022-04-20,2022-05-06,,2022-04-20,2022-05-06,65,62,3,2,2,1,694
474,2019-10-08,2019-10-16,,2019-10-08,2019-10-16,27,969,3,2,5,7,734
475,2021-04-20,2021-05-04,,2021-04-20,2021-05-04,8,666,1,5,1,7,354
476,2021-04-19,2021-05-09,2021-04-06,2021-04-19,2021-05-09,51,153,1,3,7,7,600
477,2022-02-27,2022-03-07,,2022-02-27,2022-03-07,5,719,2,4,4,5,142
478,2018-04-01,2018-04-14,,2018-04-01,2018-04-14,49,289,3,2,1,4,654
479,2021-06-23,2021-07-02,2021-06-09,2021-06-23,2021-07-02,20,89,1,5,1,1,397
480,2021-08-09,2021-08-21,,2021-08-09,2021-08-21,17,743,3,1,1,1,490
481,2021-02-26,2021-02-28,,2021-02-26,2021-02-28,1,660,2,4,6,1,631
482,2019-05-03,2019-05-07,,2019-05-03,2019-05-07,56,178,1,3,1,6,309
483,2019-10-30,2019-11-15,,2019-10-30,2019-11-15,50,824,3,2,5,7,638
484,2018-03-26,2018-03-28,2018-03-21,2018-03-26,2018-03-28,29,977,2,4,3,1,251
485,2020-10-01,2020-10-03,,2020-10-01,2020-10-03,26,664,2,4,6,4,548
486,2020-11-05,2020-11-13,,2020-11-05,2020-11-13,13,391,2,5,5,3,511
487,2022-12-11,2022-12-18,,2022-12-11,2022-12-18,22,115,1,5,4,4,509
488,2022-12-13,2022-12-16,,2022-12-13,2022-12-16,45,104,1,6,4,2,685
489,2022-11-28,2022-12-16,,2022-11-28,2022-12-16,9,24,1,2,5,7,365
490,2021-07-16,2021-07-21,,2021-07-16,2021-07-21,15,778,3,1,4,5,625
491,2022-11-07,2022-11-08,,2022-11-07,2022-11-08,14,100,2,2,6,6,182
492,2021-07-27,2021-08-16,,2021-07-27,2021-08-16,37,64,2,3,7,5,138
493,2020-02-05,2020-02-14,,2020-02-05,2020-02-14,68,516,1,4,2,3,354
494,2019-02-26,2019-03-04,,2019-02-26,2019-03-04,59,293,2,3,6,5,712
495,2020-08-06,2020-08-13,2020-08-02,2020-08-06,2020-08-13,44,661,1,1,3,6,137
496,2021-09-17,2021-10-07,,2021-09-17,2021-10-07,4,792,2,2,6,7,367
497,2020-09-07,2020-09-14,2020-08-28,2020-09-07,2020-09-14,52,442,2,2,6,6,163
498,2018-04-07,2018-04-25,,2018-04-07,2018-04-25,58,298,1,5,1,6,117
499,2020-12-25,2021-01-06,,2020-12-25,2021-01-06,50,10,3,5,1,1,153
500,2019-10-11,2019-10-12,,2019-10-11,2019-10-12,1,875,2,5,5,4,754
501,2018-05-22,2018-05-27,,2018-05-22,2018-05-27,13,286,1,3,7,6,259
502,2022-04-04,2022-04-16,,2022-04-04,2022-04-16,25,658,2,3,2,5,406
503,2019-05-07,2019-05-14,2019-04-25,2019-05-07,2019-05-14,52,859,1,1,7,5,545
504,2019-12-12,2019-12-20,,2019-12-12,2019-12-20,11,107,3,4,2,4,544
505,2019-11-26,2019-11-29,,2019-11-26,2019-11-29,11,596,2,2,4,1,540
506,2022-03-11,2022-03-26,,2022-03-11,2022-03-26,30,209,2,4,5,2,673
507,2018-07-05,2018-07-16,,2018-07-05,2018-07-16,35,561,2,6,4,3,100
508,2018-05-08,2018-05-23,,2018-05-08,2018-05-23,39,571,1,6,4,3,569
509,2021-03-27,2021-04-16,,2021-03-27,2021-04-16,45,566,3,3,6,4,421
510,2021-12-02,2021-12-20,,2021-12-02,2021-12-20,14,408,2,6,1,3,793
511,2018-01-17,2018-02-06,2018-01-08,2018-01-17,2018-02-06,68,745,2,4,3,1,617
512,2019-03-31,2019-04-06,,2019-03-31,2019-04-06,66,176,2,4,1,7,588
513,2018-04-20,2018-05-04,,2018-04-20,2018-05-04,50,468,2,5,6,4,430
514,2019-10-04,2019-10-20,,2019-10-04,2019-10-20,22,372,2,1,7,7,782
515,2018-01-07,2018-01-17,,2018-01-07,2018-01-17,20,570,3,2,4,1,768
516,2018-08-25,2018-09-07,2018-08-20,2018-08-25,2018-09-07,15,265,3,2,2,2,606
517,2021-08-11,2021-08-28,,2021-08-11,2021-08-28,37,218,2,3,7,5,297
518,2020-01-03,2020-01-22,,2020-01-03,2020-01-22,8,921,2,5,7,2,263
519,2020-07-20,2020-08-05,,2020-07-20,2020-08-05,32,147,3,5,2,5,666
520,2021-02-28,2021-03-09,,2021-02-28,2021-03-09,31,100,2,5,6,1,168
521,2018-11-30,2018-12-12,,2018-11-30,2018-12-12,63,977,2,6,1,7,198
522,2020-02-10,2020-02-13,,2020-02-10,2020-02-13,66,477,1,4,6,7,469
523,2021-03-29,2021-04-01,,2021-03-29,2021-04-01,50,109,3,1,4,4,483
524,2021-12-14,2022-01-01,,2021-12-14,2022-01-01,33,838,1,6,2,3,556
525,2018-12-24,2019-01-02,,2018-12-24,2019-01-02,69,428,1,3,7,2,545
526,2018-10-31,2018-11-09,,2018-10-31,2018-11-09,39,601,1,5,2,3,160
527,2020-12-06,2020-12-09,,2020-12-06,2020-12-09,59,201,3,5,7,5,170
528,2019-01-21,2019-01-30,2019-01-07,2019-01-21,2019-01-30,13,786,3,5,1,4,758
529,2022-11-09,2022-11-24,,2022-11-09,2022-11-24,22,483,2,2,2,2,643
530,2022-09-04,2022-09-19,,2022-09-04,2022-09-19,54,855,2,3,7,4,306
531,2022-01-14,2022-01-25,,2022-01-14,2022-01-25,2,382,3,4,6,2,438
532,2020-04-14,2020-04-17,2020-04-08,2020-04-14,2020-04-17,14,150,2,5,3,7,723
533,2021-11-26,2021-12-10,,2021-11-26,2021-12-10,19,687,3,1,4,6,594
534,2021-03-05,2021-03-16,,2021-03-05,2021-03-16,40,504,2,2,4,3,422
535,2018-11-24,2018-12-13,,2018-11-24,2018-12-13,44,863,3,5,5,4,619
536,2021-11-01,2021-11-05,,2021-11-01,2021-11-05,55,185,1,3,5,5,187
537,2018-03-09,2018-03-17,,2018-03-09,2018-03-17,60,236,3,3,2,1,270
538,2022-05-23,2022-06-08,,2022-05-23,2022-06-08,45,819,3,1,1,4,695
539,2021-05-10,2021-05-17,,2021-05-10,2021-05-17,59,149,1,2,2,2,325
540,2020-05-05,2020-05-08,,2020-05-05,2020-05-08,1,150,3,5,4,4,346
541,2018-05-19,2018-06-06,,2018-05-19,2018-06-06,18,846,2,5,7,7,553
542,2021-04-18,2021-04-22,,2021-04-18,2021-04-22,14,750,1,3,2,6,559
543,2022-11-10,2022-11-30,,2022-11-10,2022-11-30,0,394,3,1,2,1,422
544,2021-06-05,2021-06-12,,2021-06-05,2021-06-12,1,57,2,5,1,4,625
545,2020-03-28,2020-03-30,,2020-03-28,2020-03-30,47,490,1,3,5,3,484
546,2019-01-26,2019-02-03,,2019-01-26,2019-02-03,43,285,3,6,7,5,286
547,2021-04-25,2021-05-14,,2021-04-25,2021-05-14,57,883,1,2,4,2,255
548,2021-08-29,2021-09-07,,2021-08-29,2021-09-07,36,39,1,5,5,2,590
549,2021-11-19,2021-11-20,,2021-11-19,2021-11-20,9,715,1,2,6,5,786
550,2021-07-28,2021-08-16,,2021-07-28,2021-08-16,37,797,3,1,7,4,460
551,2022-12-16,2022-12-31,,2022-12-16,2022-12-31,27,320,1,2,7,5,523
552,2019-12-14,2019-12-29,2019-12-03,2019-12-14,2019-12-29,51,65,3,2,4,3,308
553,2018-01-12,2018-01-13,,2018-01-12,2018-01-13,4,215,3,3,1,2,301
554,2020-03-01,2020-03-09,,2020-03-01,2020-03-09,55,794,1,4,7,1,450
555,2019-02-26,2019-03-09,,2019-02-26,2019-03-09,36,476,1,3,1,6,380
556,2018-03-18,2018-03-20,2018-03-06,2018-03-18,2018-03-20,20,749,1,2,2,4,304
557,2018-10-21,2018-10-24,,2018-10-21,2018-10-24,53,130,3,2,1,3,773
558,2020-12-07,2020-12-21,,2020-12-07,2020-12-21,66,279,3,4,7,2,625
559,2021-06-07,2021-06-08,2021-06-03,2021-06-07,2021-06-08,40,950,3,1,7,6,527
560,2022-11-13,2022-11-25,,2022-11-13,2022-11-25,41,253,3,6,4,2,525
561,2020-08-11,2020-08-17,,2020-08-11,2020-08-17,15,176,3,4,7,4,580
562,2018-03-27,2018-03-29,,2018-03-27,2018-03-29,59,233,1,2,6,1,692
563,2021-09-17,2021-09-29,,2021-09-17,2021-09-29,1,997,1,1,2,2,456
564,2019-02-17,2019-02-26,2019-02-15,2019-02-17,2019-02-26,20,648,3,6,7,4,437
565,2020-09-08,2020-09-18,,2020-09-08,2020-09-18,3,92,1,6,6,2,414
566,2020-10-20,2020-10-25,,2020-10-20,2020-10-25,19,538,2,5,1,2,129
567,2021-12-13,2021-12-28,,2021-12-13,2021-12-28,24,327,2,4,4,7,766
568,2018-03-09,2018-03-10,,2018-03-09,2018-03-10,40,221,3,1,4,4,327
569,2018-06-28,2018-07-14,2018-06-18,2018-06-28,2018-07-14,13,956,1,3,2,3,679
570,2021-10-27,2021-11-09,,2021-10-27,2021-11-09,20,565,3,6,2,1,416
571,2018-09-08,2018-09-14,,2018-09-08,2018-09-14,69,389,3,1,4,1,488
572,2020-08-29,2020-09-11,,2020-08-29,2020-09-11,42,664,3,1,2,3,328
573,2019-05-10,2019-05-21,,2019-05-10,2019-05-21,7,669,3,6,4,6,460
574,2022-06-26,2022-06-29,2022-06-11,2022-06-26,2022-06-29,27,938,3,3,2,1,326
575,2020-08-08,2020-08-20,2020-07-24,2020-08-08,2020-08-20,43,337,3,4,4,6,699
576,2020-06-05,2020-06-22,,2020-06-05,2020-06-22,25,992,3,5,6,1,461
577,2019-03-29,2019-04-17,,2019-03-29,2019-04-17,56,917,2,6,1,7,661
578,2020-11-23,2020-12-01,,2020-11-23,2020-12-01,1,462,3,3,4,2,359
579,2018-03-14,2018-03-26,,2018-03-14,2018-03-26,47,764,2,2,3,6,166
580,2020-12-08,2020-12-12,,2020-12-08,2020-12-12,13,480,2,1,1,1,781
581,2020-05-26,2020-06-15,,2020-05-26,2020-06-15,53,286,1,5,3,3,427
582,2020-01-17,2020-02-04,,2020-01-17,2020-02-04,51,101,3,1,7,3,108
583,2022-05-13,2022-06-01,,2022-05-13,2022-06-01,35,323,1,6,6,3,416
584,2018-06-02,2018-06-15,,2018-06-02,2018-06-15,58,935,2,1,3,5,359
585,2018-01-15,2018-02-04,,2018-01-15,2018-02-04,2,832,1,5,3,7,410
586,2019-10-25,2019-11-06,,2019-10-25,2019-11-06,22,653,3,5,3,6,526
587,2019-02-09,2019-02-20,,2019-02-09,2019-02-20,37,125,1,1,3,2,483
588,2022-01-01,2022-01-02,2021-12-21,2022-01-01,2022-01-02,69,703,1,2,7,7,651
589,2018-02-23,2018-03-02,,2018-02-23,2018-03-02,44,851,1,4,7,6,647
590,2021-12-11,2021-12-12,,2021-12-11,2021-12-12,6,410,3,5,1,7,403
591,2020-06-13,2020-06-20,2020-06-06,2020-06-13,2020-06-20,11,267,1,2,5,7,722
592,2018-10-22,2018-10-31,,2018-10-22,2018-10-31,45,679,3,1,4,4,184
593,2022-10-23,2022-11-06,,2022-10-23,2022-11-06,24,93,2,6,6,1,610
594,2020-07-21,2020-07-25,2020-07-13,2020-07-21,2020-07-25,23,83,2,5,1,1,423
595,2019-01-20,2019-01-22,,2019-01-20,2019-01-22,12,263,1,4,1,1,620
596,2020-04-18,2020-05-07,2020-04-07,2020-04-18,2020-05-07,21,626,1,5,3,4,249
597,2022-01-19,2022-01-26,,2022-01-19,2022-01-26,58,96,2,4,5,6,186
598,2022-05-11,2022-05-19,,2022-05-11,2022-05-19,13,124,2,3,7,6,514
599,2018-07-03,2018-07-09,,2018-07-03,2018-07-09,24,752,2,4,3,6,281
600,2018-02-28,2018-03-01,,2018-02-28,2018-03-01,40,817,1,6,1,6,167
601,2022-08-01,2022-08-18,,2022-08-01,2022-08-18,66,285,1,3,3,5,103
602,2021-04-10,2021-04-20,2021-03-31,2021-04-10,2021-04-20,43,368,3,3,6,7,189
603,2019-03-24,2019-03-26,2019-03-14,2019-03-24,2019-03-26,70,820,3,1,3,1,212
604,2022-11-19,2022-11-28,,2022-11-19,2022-11-28,67,56,1,6,1,7,527
605,2018-06-25,2018-07-05,,2018-06-25,2018-07-05,50,793,2,5,6,5,290
606,2021-12-31,2022-01-08,,2021-12-31,2022-01-08,2,660,1,3,5,1,322
607,2022-01-10,2022-01-16,,2022-01-10,2022-01-16,39,737,1,3,5,3,542
608,2021-12-10,2021-12-17,,2021-12-10,2021-12-17,31,106,2,6,1,7,408
609,2018-04-24,2018-05-13,,2018-04-24,2018-05-13,24,613,1,3,6,7,557
610,2019-09-20,2019-09-27,,2019-09-20,2019-09-27,41,696,2,5,1,1,241
611,2018-11-20,2018-11-23,,2018-11-20,2018-11-23,60,944,1,5,2,2,477
612,2021-08-11,2021-08-12,,2021-08-11,2021-08-12,9,386,2,5,2,4,667
613,2020-08-15,2020-08-23,2020-08-10,2020-08-15,2020-08-23,66,518,2,6,2,1,479
614,2018-11-09,2018-11-20,,2018-11-09,2018-11-20,8,863,3,1,7,1,464
615,2019-09-12,2019-09-27,,2019-09-12,2019-09-27,14,516,3,4,6,2,241
616,2022-05-21,2022-05-28,,2022-05-21,2022-05-28,3,4,3,1,7,6,711
617,2018-09-28,2018-10-14,2018-09-13,2018-09-28,2018-10-14,28,203,3,1,2,1,682
618,2022-07-01,2022-07-20,,2022-07-01,2022-07-20,46,360,1,5,2,2,510
619,2021-05-18,2021-06-01,2021-05-04,2021-05-18,2021-06-01,63,211,1,4,7,6,236
620,2021-11-09,2021-11-16,,2021-11-09,2021-11-16,31,882,2,5,6,3,383
621,2021-01-11,2021-01-20,,2021-01-11,2021-01-20,27,739,1,2,5,5,444
622,2021-05-03,2021-05-04,,2021-05-03,2021-05-04,23,12,2,3,4,4,676
623,2022-12-16,2022-12-24,2022-12-04,2022-12-16,2022-12-24,23,329,1,3,1,5,479
624,2020-02-26,2020-03-14,,2020-02-26,2020-03-14,58,942,2,5,4,1,543
625,2018-11-13,2018-11-29,,2018-11-13,2018-11-29,64,434,1,6,5,2,437
626,2021-06-08,2021-06-22,2021-06-02,2021-06-08,2021-06-22,35,561,2,4,6,6,283
627,2018-02-02,2018-02-07,,2018-02-02,2018-02-07,38,64,1,3,5,5,741
628,2022-09-12,2022-09-28,,2022-09-12,2022-09-28,68,193,3,5,6,6,459
629,2021-09-16,2021-09-25,,2021-09-16,2021-09-25,44,789,3,3,3,7,136
630,2020-03-27,2020-03-30,,2020-03-27,2020-03-30,58,939,1,5,1,4,684
631,2020-07-22,2020-08-11,2020-07-14,2020-07-22,2020-08-11,41,685,2,4,1,5,445
632,2022-10-02,2022-10-06,,2022-10-02,2022-10-06,40,941,3,5,5,2,471
633,2021-05-15,2021-05-19,,2021-05-15,2021-05-19,60,727,1,3,6,5,434
634,2020-04-04,2020-04-17,2020-03-31,2020-04-04,2020-04-17,60,174,2,6,2,7,636
635,2020-06-03,2020-06-17,,2020-06-03,2020-06-17,30,773,1,2,4,5,285
636,2021-02-16,2021-03-07,,2021-02-16,2021-03-07,6,689,1,2,6,7,294
637,2020-02-08,2020-02-09,,2020-02-08,2020-02-09,25,667,1,4,4,5,522
638,2022-02-07,2022-02-14,,2022-02-07,2022-02-14,14,357,1,5,2,3,755
639,2018-06-30,2018-07-09,,2018-06-30,2018-07-09,30,430,3,4,4,3,724
640,2022-12-24,2022-12-30,,2022-12-24,2022-12-30,59,489,2,2,1,1,497
641,2018-02-09,2018-02-20,,2018-02-09,2018-02-20,16,423,1,4,4,6,138
642,2018-09-23,2018-10-06,,2018-09-23,2018-10-06,11,994,3,3,3,4,113
643,2019-08-30,2019-09-02,,2019-08-30,2019-09-02,36,284,2,4,3,2,362
644,2018-03-04,2018-03-06,,2018-03-04,2018-03-06,52,354,2,1,3,5,192
645,2020-01-17,2020-01-27,,2020-01-17,2020-01-27,27,231,1,2,5,3,177
646,2019-12-18,2020-01-02,,2019-12-18,2020-01-02,10,949,3,4,3,2,759
647,2022-03-20,2022-03-30,,2022-03-20,2022-03-30,67,576,3,2,2,7,247
648,2021-01-12,2021-01-25,,2021-01-12,2021-01-25,37,856,1,4,6,2,412
649,2019-07-15,2019-07-20,,2019-07-15,2019-07-20,10,675,1,5,5,2,116
650,2019-11-17,2019-11-30,,2019-11-17,2019-11-30,29,234,1,5,6,4,359
651,2018-08-03,2018-08-05,,2018-08-03,2018-08-05,10,819,2,2,6,5,218
652,2022-03-04,2022-03-15,,2022-03-04,2022-03-15,1,1,1,5,5,7,371
653,2021-09-01,2021-09-20,,2021-09-01,2021-09-20,36,957,2,3,7,6,454
654,2020-03-28,2020-03-30,2020-03-15,2020-03-28,2020-03-30,66,29,3,4,3,2,116
655,2018-08-04,2018-08-08,2018-07-30,2018-08-04,2018-08-08,55,366,2,5,5,4,637
656,2020-11-30,2020-12-19,2020-11-18,2020-11-30,2020-12-19,44,585,2,5,2,7,178
657,2019-07-14,2019-07-22,,2019-07-14,2019-07-22,30,499,1,2,5,3,729
658,2021-11-04,2021-11-22,,2021-11-04,2021-11-22,43,714,3,3,7,4,608
659,2022-04-09,2022-04-13,,2022-04-09,2022-04-13,13,319,1,6,5,3,640
660,2021-09-21,2021-10-09,,2021-09-21,2021-10-09,42,822,1,3,3,2,599
661,2019-09-26,2019-10-07,,2019-09-26,2019-10-07,41,284,1,6,2,6,339
662,2021-12-17,2021-12-21,2021-12-11,2021-12-17,2021-12-21,57,669,1,4,4,5,772
663,2022-09-13,2022-09-26,,2022-09-13,2022-09-26,67,939,2,6,3,3,478
664,2022-07-12,2022-07-22,,2022-07-12,2022-07-22,46,217,2,1,4,1,212
665,2021-12-01,2021-12-21,,2021-12-01,2021-12-21,17,172,1,4,2,3,530
666,2020-01-23,2020-02-10,2020-01-10,2020-01-23,2020-02-10,18,496,2,6,4,6,585
667,2018-12-06,2018-12-08,,2018-12-06,2018-12-08,20,90,1,5,5,3,738
668,2019-05-10,2019-05-19,2019-05-01,2019-05-10,2019-05-19,66,455,2,4,2,1,603
669,2022-01-09,2022-01-17,,2022-01-09,2022-01-17,44,301,1,1,1,4,167
670,2022-06-02,2022-06-22,,2022-06-02,2022-06-22,18,314,3,6,4,2,789
671,2019-03-04,2019-03-12,,2019-03-04,2019-03-12,48,40,2,5,6,3,161
672,2018-04-06,2018-04-22,,2018-04-06,2018-04-22,8,246,3,4,4,2,488
673,2022-09-04,2022-09-18,,2022-09-04,2022-09-18,62,701,1,3,5,1,414
674,2021-12-24,2022-01-04,,2021-12-24,2022-01-04,40,79,3,4,3,1,329
675,2021-06-08,2021-06-23,,2021-06-08,2021-06-23,41,900,1,6,3,4,663
676,2021-04-27,2021-05-02,2021-04-13,2021-04-27,2021-05-02,0,257,3,4,2,2,201
677,2022-07-21,2022-07-23,,2022-07-21,2022-07-23,43,15,3,3,1,1,141
678,2019-04-17,2019-05-05,,2019-04-17,2019-05-05,51,365,1,2,7,7,628
679,2020-08-08,2020-08-26,,2020-08-08,2020-08-26,9,374,3,3,3,7,188
680,2018-09-01,2018-09-10,,2018-09-01,2018-09-10,59,419,3,2,3,2,566
681,2021-11-19,2021-12-05,,2021-11-19,2021-12-05,4,812,3,2,3,6,719
682,2021-02-13,2021-02-21,,2021-02-13,2021-02-21,34,288,1,6,7,5,199
683,2021-10-19,2021-10-29,,2021-10-19,2021-10-29,63,356,3,6,1,1,594
684,2018-01-25,2018-02-06,,2018-01-25,2018-02-06,66,156,2,3,3,4,488
685,2020-12-30,2021-01-18,,2020-12-30,2021-01-18,34,790,1,4,2,5,199
686,2019-01-23,2019-02-10,,2019-01-23,2019-02-10,31,898,2,4,3,2,604
687,2020-11-26,2020-11-28,,2020-11-26,2020-11-28,11,573,3,6,5,2,526
688,2022-09-17,2022-09-22,,2022-09-17,2022-09-22,30,946,3,3,1,4,740
689,2018-06-07,2018-06-26,2018-06-05,2018-06-07,2018-06-26,29,424,2,2,5,5,276
690,2022-05-14,2022-05-19,,2022-05-14,2022-05-19,35,649,1,4,2,6,348
691,2018-06-20,2018-06-25,,2018-06-20,2018-06-25,38,190,3,6,4,5,115
692,2020-03-06,2020-03-10,,2020-03-06,2020-03-10,69,486,1,2,5,1,289
693,2022-04-12,2022-04-16,2022-04-09,2022-04-12,2022-04-16,29,597,2,3,6,2,586
694,2018-04-01,2018-04-07,,2018-04-01,2018-04-07,46,595,2,5,4,3,458
695,2019-01-28,2019-02-13,2019-01-13,2019-01-28,2019-02-13,12,401,2,2,7,1,777
696,2020-03-06,2020-03-16,,2020-03-06,2020-03-16,38,172,1,3,2,5,392
697,2019-06-27,2019-07-02,2019-06-24,2019-06-27,2019-07-02,58,684,1,5,2,6,578
698,2022-08-21,2022-08-26,,2022-08-21,2022-08-26,35,764,3,4,1,5,365
699,2021-07-13,2021-07-14,,2021-07-13,2021-07-14,63,374,2,3,1,2,139
700,2021-06-21,2021-07-06,,2021-06-21,2021-07-06,2,88,1,4,7,1,221
701,2022-05-30,2022-06-09,,2022-05-30,2022-06-09,57,397,3,6,6,3,292
702,2021-03-23,2021-04-12,,2021-03-23,2021-04-12,17,720,1,1,3,4,415
703,2018-03-31,2018-04-10,,2018-03-31,2018-04-10,37,57,2,4,2,7,177
704,2019-08-15,2019-08-21,,2019-08-15,2019-08-21,68,224,2,3,6,4,639
705,2021-04-22,2021-05-01,,2021-04-22,2021-05-01,11,298,1,4,3,2,182
706,2018-02-22,2018-02-24,2018-02-11,2018-02-22,2018-02-24,70,476,1,2,4,3,647
707,2019-03-31,2019-04-05,2019-03-21,2019-03-31,2019-04-05,34,543,1,6,7,7,514
708,2019-01-11,2019-01-12,,2019-01-11,2019-01-12,4,426,3,1,6,2,698
709,2022-08-29,2022-09-04,,2022-08-29,2022-09-04,45,307,3,3,7,3,202
710,2022-02-20,2022-03-04,,2022-02-20,2022-03-04,15,28,3,5,7,1,230
711,2019-02-04,2019-02-11,,2019-02-04,2019-02-11,40,108,1,4,2,3,146
712,2021-06-11,2021-06-29,,2021-06-11,2021-06-29,11,511,1,4,1,6,144
713,2019-12-26,2019-12-28,,2019-12-26,2019-12-28,38,534,2,6,3,5,752
714,2022-07-14,2022-08-03,,2022-07-14,2022-08-03,50,713,3,1,3,2,305
715,2021-06-27,2021-07-15,,2021-06-27,2021-07-15,23,105,3,3,3,2,316
716,2022-04-15,2022-04-28,,2022-04-15,2022-04-28,11,990,1,5,4,3,796
717,2018-10-07,2018-10-23,,2018-10-07,2018-10-23,14,429,1,6,4,1,704
718,2019-12-23,2019-12-29,,2019-12-23,2019-12-29,20,762,1,5,2,6,557
719,2020-09-28,2020-10-18,,2020-09-28,2020-10-18,30,744,3,2,5,3,235
720,2019-04-22,2019-05-05,,2019-04-22,2019-05-05,26,742,2,2,4,6,161
721,2018-07-29,2018-08-01,2018-07-23,2018-07-29,2018-08-01,24,41,3,3,3,4,446
722,2020-12-23,2020-12-29,,2020-12-23,2020-12-29,19,33,3,1,5,5,252
723,2021-04-08,2021-04-27,,2021-04-08,2021-04-27,13,897,1,2,5,1,543
724,2018-05-19,2018-05-29,,2018-05-19,2018-05-29,24,13,1,1,7,6,293
725,2018-06-30,2018-07-09,,2018-06-30,2018-07-09,7,105,3,4,6,4,797
726,2022-02-28,2022-03-07,,2022-02-28,2022-03-07,27,186,3,1,3,5,594
727,2021-10-22,2021-11-07,2021-10-14,2021-10-22,2021-11-07,30,934,3,1,6,5,787
728,2021-11-28,2021-12-12,2021-11-18,2021-11-28,2021-12-12,19,776,2,5,1,6,800
729,2021-06-04,2021-06-07,,2021-06-04,2021-06-07,1,877,2,3,2,4,374
730,2018-01-13,2018-01-18,2018-01-08,2018-01-13,2018-01-18,52,693,2,1,3,5,700
731,2020-02-24,2020-03-04,,2020-02-24,2020-03-04,22,123,2,2,4,1,227
732,2021-10-18,2021-10-24,,2021-10-18,2021-10-24,35,153,1,5,1,1,333
733,2020-07-07,2020-07-14,,2020-07-07,2020-07-14,34,90,2,5,3,5,152
734,2020-11-29,2020-12-17,2020-11-26,2020-11-29,2020-12-17,42,462,3,3,5,6,357
735,2022-01-06,2022-01-24,,2022-01-06,2022-01-24,32,353,3,5,5,4,248
736,2022-03-11,2022-03-23,,2022-03-11,2022-03-23,6,117,2,6,5,3,633
737,2020-08-28,2020-08-31,,2020-08-28,2020-08-31,21,682,2,2,4,7,186
738,2018-10-04,2018-10-09,,2018-10-04,2018-10-09,30,167,1,1,2,1,422
739,2022-02-09,2022-03-01,,2022-02-09,2022-03-01,12,469,1,5,6,5,692
740,2018-10-12,2018-10-20,,2018-10-12,2018-10-20,62,101,2,4,2,1,623
741,2019-11-05,2019-11-14,2019-10-26,2019-11-05,2019-11-14,63,625,3,4,6,6,462
742,2020-08-28,2020-09-03,,2020-08-28,2020-09-03,18,965,2,4,6,4,107
743,2019-09-03,2019-09-23,2019-08-26,2019-09-03,2019-09-23,26,164,3,2,6,4,529
744,2020-07-16,2020-07-26,2020-07-05,2020-07-16,2020-07-26,25,964,1,6,6,6,471
745,2022-12-26,2022-12-30,,2022-12-26,2022-12-30,32,640,1,2,7,5,463
746,2019-12-08,2019-12-10,,2019-12-08,2019-12-10,49,73,2,3,7,5,787
747,2021-06-17,2021-07-01,2021-06-07,2021-06-17,2021-07-01,64,148,2,4,6,5,430
748,2022-08-22,2022-09-03,2022-08-08,2022-08-22,2022-09-03,6,262,1,4,6,4,403
749,2019-05-13,2019-05-17,,2019-05-13,2019-05-17,58,747,2,6,6,5,531
750,2021-06-26,2021-06-29,,2021-06-26,2021-06-29,34,671,2,6,7,7,293
751,2021-02-17,2021-02-22,,2021-02-17,2021-02-22,12,141,2,6,6,1,459
752,2020-11-02,2020-11-22,,2020-11-02,2020-11-22,37,662,3,5,5,7,515
753,2020-01-20,2020-02-06,2020-01-16,2020-01-20,2020-02-06,4,548,3,1,5,7,110
754,2020-03-27,2020-03-28,2020-03-22,2020-03-27,2020-03-28,47,981,1,5,6,4,546
755,2020-01-24,2020-02-11,2020-01-19,2020-01-24,2020-02-11,68,336,2,3,4,1,513
756,2021-12-30,2022-01-07,,2021-12-30,2022-01-07,13,290,1,2,7,3,402
757,2021-04-01,2021-04-19,,2021-04-01,2021-04-19,61,583,1,1,5,5,487
758,2018-09-03,2018-09-21,,2018-09-03,2018-09-21,2,454,1,5,1,2,286
759,2018-01-02,2018-01-09,,2018-01-02,2018-01-09,4,188,2,5,5,5,728
760,2020-02-12,2020-02-29,,2020-02-12,2020-02-29,68,77,3,3,3,3,355
761,2022-04-16,2022-04-26,,2022-04-16,2022-04-26,43,807,2,1,6,4,504
762,2021-11-28,2021-12-17,,2021-11-28,2021-12-17,16,196,2,4,6,4,145
763,2022-11-11,2022-11-14,,2022-11-11,2022-11-14,38,817,2,2,6,1,385
764,2021-11-09,2021-11-28,,2021-11-09,2021-11-28,14,516,1,4,6,5,106
765,2020-01-13,2020-01-14,2020-01-06,2020-01-13,2020-01-14,48,588,3,5,6,1,520
766,2020-06-20,2020-07-01,,2020-06-20,2020-07-01,1,440,1,4,1,1,677
767,2019-11-16,2019-11-25,,2019-11-16,2019-11-25,49,601,2,1,5,4,468
768,2019-11-08,2019-11-26,,2019-11-08,2019-11-26,3,819,3,6,4,1,521
769,2022-06-12,2022-06-13,,2022-06-12,2022-06-13,23,266,3,3,6,6,638
770,2021-09-06,2021-09-25,,2021-09-06,2021-09-25,45,393,1,3,5,6,362
771,2020-07-14,2020-07-22,2020-07-07,2020-07-14,2020-07-22,1,505,1,4,6,5,163
772,2022-12-12,2023-01-01,,2022-12-12,2023-01-01,0,762,1,4,2,5,323
773,2022-05-08,2022-05-13,,2022-05-08,2022-05-13,64,743,3,6,6,1,497
774,2021-09-08,2021-09-20,,2021-09-08,2021-09-20,10,613,1,4,2,2,607
775,2019-11-08,2019-11-28,2019-11-03,2019-11-08,2019-11-28,0,227,2,1,4,4,656
776,2022-12-18,2022-12-20,,2022-12-18,2022-12-20,36,284,2,2,3,7,599
777,2021-07-02,2021-07-16,,2021-07-02,2021-07-16,44,89,1,6,5,3,129
778,2018-09-03,2018-09-18,,2018-09-03,2018-09-18,14,565,1,3,2,6,595
779,2022-01-12,2022-01-13,,2022-01-12,2022-01-13,69,614,1,2,6,1,263
780,2020-07-25,2020-08-06,2020-07-18,2020-07-25,2020-08-06,7,305,2,5,1,7,171
781,2019-10-27,2019-10-28,,2019-10-27,2019-10-28,18,74,2,5,7,6,619
782,2021-03-22,2021-04-09,,2021-03-22,2021-04-09,65,663,2,2,5,5,778
783,2021-02-17,2021-03-01,,2021-02-17,2021-03-01,12,997,1,4,3,4,335
784,2018-04-12,2018-04-19,,2018-04-12,2018-04-19,23,565,1,4,2,1,290
785,2018-01-14,2018-01-29,,2018-01-14,2018-01-29,61,990,1,5,1,2,360
786,2022-07-31,2022-08-11,2022-07-28,2022-07-31,2022-08-11,6,924,2,6,7,1,689
787,2022-10-23,2022-11-04,,2022-10-23,2022-11-04,7,729,3,5,1,7,258
788,2021-10-25,2021-11-11,,2021-10-25,2021-11-11,18,953,1,3,1,4,528
789,2019-03-31,2019-04-06,,2019-03-31,2019-04-06,19,65,1,5,3,6,513
790,2020-07-29,2020-08-01,2020-07-18,2020-07-29,2020-08-01,45,991,2,2,4,2,172
791,2018-11-03,2018-11-23,,2018-11-03,2018-11-23,7,98,1,4,1,1,550
792,2018-02-18,2018-02-27,,2018-02-18,2018-02-27,67,762,2,5,2,3,699
793,2022-04-03,2022-04-08,,2022-04-03,2022-04-08,47,221,1,1,3,7,310
794,2018-11-22,2018-11-25,,2018-11-22,2018-11-25,63,229,3,4,7,1,334
795,2020-06-08,2020-06-15,,2020-06-08,2020-06-15,63,977,3,3,1,6,313
796,2018-01-07,2018-01-14,,2018-01-07,2018-01-14,2,724,2,2,1,1,305
797,2020-01-26,2020-02-03,2020-01-18,2020-01-26,2020-02-03,36,572,3,4,6,4,225
798,2018-11-02,2018-11-06,2018-10-18,2018-11-02,2018-11-06,68,178,1,1,6,7,454
799,2021-07-14,2021-07-26,,2021-07-14,2021-07-26,27,276,3,3,2,2,475
800,2018-05-18,2018-05-26,,2018-05-18,2018-05-26,41,855,3,5,4,6,187
801,2021-11-17,2021-12-04,,2021-11-17,2021-12-04,2,911,3,1,5,6,596
802,2022-05-09,2022-05-18,,2022-05-09,2022-05-18,33,840,1,6,2,2,211
803,2020-04-21,2020-04-25,,2020-04-21,2020-04-25,17,130,3,1,3,4,706
804,2021-09-28,2021-10-01,,2021-09-28,2021-10-01,20,921,3,2,5,1,466
805,2019-11-25,2019-12-14,2019-11-15,2019-11-25,2019-12-14,4,513,3,6,1,5,341
806,2022-03-05,2022-03-12,,2022-03-05,2022-03-12,24,105,2,5,1,7,144
807,2021-08-14,2021-08-25,,2021-08-14,2021-08-25,66,523,3,2,7,4,376
808,2022-09-20,2022-10-01,,2022-09-20,2022-10-01,14,444,1,4,5,5,242
809,2020-08-11,2020-08-20,,2020-08-11,2020-08-20,16,145,1,3,5,6,270
810,2022-07-20,2022-07-28,2022-07-05,2022-07-20,2022-07-28,22,284,1,1,1,2,295
811,2022-11-09,2022-11-24,,2022-11-09,2022-11-24,54,840,1,5,7,7,766
812,2022-12-02,2022-12-21,,2022-12-02,2022-12-21,43,598,2,5,4,4,173
813,2022-03-20,2022-03-30,,2022-03-20,2022-03-30,58,953,3,5,1,4,495
814,2020-02-18,2020-03-09,,2020-02-18,2020-03-09,30,487,1,6,7,5,191
815,2018-06-20,2018-06-30,,2018-06-20,2018-06-30,15,490,2,3,7,6,268
816,2020-12-06,2020-12-19,,2020-12-06,2020-12-19,49,580,1,2,7,1,508
817,2021-03-19,2021-03-31,,2021-03-19,2021-03-31,43,811,2,2,2,4,226
818,2020-04-11,2020-04-20,,2020-04-11,2020-04-20,38,622,1,1,7,2,555
819,2019-04-23,2019-05-10,,2019-04-23,2019-05-10,17,421,3,2,7,3,368
820,2018-06-20,2018-06-25,,2018-06-20,2018-06-25,46,128,1,6,7,6,186
821,2021-06-08,2021-06-16,,2021-06-08,2021-06-16,16,414,1,3,7,6,755
822,2019-12-11,2019-12-30,2019-12-01,2019-12-11,2019-12-30,49,214,3,5,4,5,446
823,2022-01-13,2022-01-30,2022-01-02,2022-01-13,2022-01-30,63,125,1,3,1,1,579
824,2018-09-24,2018-09-25,,2018-09-24,2018-09-25,58,229,3,5,1,6,298
825,2021-11-04,2021-11-09,2021-10-25,2021-11-04,2021-11-09,42,233,3,1,1,7,363
826,2019-04-04,2019-04-13,,2019-04-04,2019-04-13,5,513,3,1,7,7,159
827,2019-04-01,2019-04-19,2019-03-26,2019-04-01,2019-04-19,61,123,1,6,7,4,506
828,2018-06-27,2018-06-30,2018-06-24,2018-06-27,2018-06-30,12,489,3,5,1,7,239
829,2020-02-18,2020-03-03,2020-02-06,2020-02-18,2020-03-03,29,755,2,2,2,4,256
830,2018-03-02,2018-03-13,2018-03-01,2018-03-02,2018-03-13,22,917,3,1,2,3,529
831,2022-04-30,2022-05-17,2022-04-22,2022-04-30,2022-05-17,49,14,1,2,3,4,198
832,2022-01-10,2022-01-14,,2022-01-10,2022-01-14,3,894,2,4,5,1,506
833,2018-01-20,2018-02-08,,2018-01-20,2018-02-08,61,104,3,2,4,4,651
834,2020-03-28,2020-04-05,,2020-03-28,2020-04-05,37,306,3,3,3,2,100
835,2019-02-12,2019-03-02,,2019-02-12,2019-03-02,60,200,2,5,7,1,454
836,2018-03-13,2018-03-31,,2018-03-13,2018-03-31,29,156,3,1,5,6,637
837,2019-12-06,2019-12-13,,2019-12-06,2019-12-13,64,678,2,4,2,7,451
838,2020-12-09,2020-12-11,,2020-12-09,2020-12-11,13,939,3,5,5,3,763
839,2021-05-22,2021-05-27,,2021-05-22,2021-05-27,36,605,2,3,2,5,630
840,2021-03-02,2021-03-06,,2021-03-02,2021-03-06,36,292,3,3,1,3,579
841,2018-01-10,2018-01-13,,2018-01-10,2018-01-13,64,977,1,4,3,2,555
842,2022-09-04,2022-09-21,,2022-09-04,2022-09-21,22,451,2,6,1,6,404
843,2019-01-21,2019-02-03,,2019-01-21,2019-02-03,19,308,1,1,2,4,745
844,2018-04-01,2018-04-05,,2018-04-01,2018-04-05,55,468,1,2,1,2,288
845,2019-05-11,2019-05-19,,2019-05-11,2019-05-19,33,675,3,4,3,5,543
846,2021-01-25,2021-02-05,,2021-01-25,2021-02-05,70,743,2,4,7,2,538
847,2019-10-23,2019-11-11,,2019-10-23,2019-11-11,15,697,1,5,7,2,672
848,2020-05-26,2020-06-05,,2020-05-26,2020-06-05,35,44,3,3,6,2,580
849,2020-03-18,2020-03-31,,2020-03-18,2020-03-31,33,545,3,2,1,2,651
850,2018-03-09,2018-03-21,,2018-03-09,2018-03-21,47,916,3,4,1,2,729
851,2022-01-30,2022-02-06,,2022-01-30,2022-02-06,65,752,1,2,5,3,195
852,2018-02-02,2018-02-20,,2018-02-02,2018-02-20,60,483,3,6,6,7,534
853,2021-02-05,2021-02-23,,2021-02-05,2021-02-23,62,405,1,4,3,1,179
854,2021-02-15,2021-03-06,,2021-02-15,2021-03-06,12,544,3,6,5,4,264
855,2020-04-30,2020-05-02,,2020-04-30,2020-05-02,38,573,1,4,5,5,310
856,2021-07-15,2021-07-16,,2021-07-15,2021-07-16,65,873,2,5,2,7,262
857,2019-04-22,2019-05-07,,2019-04-22,2019-05-07,2,745,1,5,5,4,672
858,2022-08-09,2022-08-10,,2022-08-09,2022-08-10,25,917,1,3,7,6,294
859,2022-01-12,2022-01-30,2022-01-05,2022-01-12,2022-01-30,32,555,3,3,7,1,593
860,2020-02-22,2020-03-03,,2020-02-22,2020-03-03,8,265,1,3,5,5,385
861,2020-12-08,2020-12-21,,2020-12-08,2020-12-21,53,243,3,4,4,7,130
862,2018-08-19,2018-08-27,,2018-08-19,2018-08-27,47,712,2,3,4,2,149
863,2022-02-01,2022-02-07,,2022-02-01,2022-02-07,31,775,1,4,6,6,747
864,2020-06-24,2020-07-06,,2020-06-24,2020-07-06,9,806,2,6,5,1,719
865,2021-11-12,2021-11-22,,2021-11-12,2021-11-22,17,475,3,2,2,2,154
866,2019-07-22,2019-08-01,,2019-07-22,2019-08-01,56,891,1,3,5,2,265
867,2018-01-26,2018-02-07,2018-01-23,2018-01-26,2018-02-07,58,160,2,1,7,4,467
868,2021-10-14,2021-10-31,,2021-10-14,2021-10-31,54,69,1,2,5,1,535
869,2021-10-22,2021-10-29,,2021-10-22,2021-10-29,34,214,2,3,7,6,783
870,2019-08-01,2019-08-16,,2019-08-01,2019-08-16,70,121,3,6,4,5,469
871,2021-05-01,2021-05-14,,2021-05-01,2021-05-14,63,272,2,2,7,1,179
872,2020-06-16,2020-06-20,,2020-06-16,2020-06-20,2,218,3,6,3,2,717
873,2022-01-04,2022-01-21,,2022-01-04,2022-01-21,68,506,2,4,2,4,288
874,2021-12-18,2021-12-19,,2021-12-18,2021-12-19,47,59,3,2,7,6,774
875,2018-02-25,2018-03-14,,2018-02-25,2018-03-14,7,410,1,3,4,1,552
876,2018-03-23,2018-04-08,2018-03-17,2018-03-23,2018-04-08,31,915,2,3,5,3,571
877,2020-12-12,2020-12-31,,2020-12-12,2020-12-31,10,154,2,3,3,7,682
878,2018-01-17,2018-01-18,,2018-01-17,2018-01-18,34,556,1,4,1,1,398
879,2020-03-23,2020-04-02,,2020-03-23,2020-04-02,2,780,1,4,2,7,537
880,2022-08-12,2022-08-27,,2022-08-12,2022-08-27,33,585,3,1,1,2,214
881,2021-11-19,2021-11-30,2021-11-09,2021-11-19,2021-11-30,36,198,3,5,4,5,306
882,2021-11-05,2021-11-25,,2021-11-05,2021-11-25,60,693,2,2,1,4,291
883,2021-10-29,2021-11-01,,2021-10-29,2021-11-01,39,539,3,6,1,4,509
884,2021-09-05,2021-09-22,,2021-09-05,2021-09-22,66,337,3,4,6,2,738
885,2021-10-04,2021-10-13,,2021-10-04,2021-10-13,28,540,2,2,1,2,478
886,2019-12-03,2019-12-18,2019-11-22,2019-12-03,2019-12-18,35,476,2,5,3,7,216
887,2020-12-07,2020-12-11,,2020-12-07,2020-12-11,70,882,3,1,6,2,552
888,2018-10-24,2018-10-26,,2018-10-24,2018-10-26,66,340,3,1,5,1,666
889,2021-02-25,2021-03-07,2021-02-16,2021-02-25,2021-03-07,58,409,3,2,5,5,414
890,2022-01-12,2022-01-28,2022-01-03,2022-01-12,2022-01-28,1,754,1,5,4,5,287
891,2019-01-08,2019-01-11,,2019-01-08,2019-01-11,15,970,1,5,2,7,643
892,2022-11-03,2022-11-22,,2022-11-03,2022-11-22,64,460,1,1,4,1,694
893,2021-01-16,2021-01-27,,2021-01-16,2021-01-27,27,672,1,3,3,7,647
894,2018-03-01,2018-03-03,,2018-03-01,2018-03-03,3,879,1,5,2,6,567
895,2021-06-24,2021-07-03,,2021-06-24,2021-07-03,7,646,1,4,1,7,109
896,2018-09-28,2018-10-05,,2018-09-28,2018-10-05,59,738,1,4,6,1,145
897,2022-01-19,2022-02-04,,2022-01-19,2022-02-04,48,752,3,6,1,2,187
898,2018-03-03,2018-03-11,,2018-03-03,2018-03-11,67,742,2,5,1,4,284
899,2020-09-06,2020-09-11,,2020-09-06,2020-09-11,69,776,2,3,5,3,771
900,2020-04-25,2020-05-08,,2020-04-25,2020-05-08,69,767,1,6,1,1,221
901,2020-05-11,2020-05-31,,2020-05-11,2020-05-31,41,412,3,4,5,4,430
902,2018-06-22,2018-07-05,,2018-06-22,2018-07-05,4,609,1,1,1,3,259
903,2018-12-04,2018-12-22,,2018-12-04,2018-12-22,48,734,3,1,7,4,471
904,2019-09-03,2019-09-14,,2019-09-03,2019-09-14,69,969,2,1,2,2,365
905,2020-10-25,2020-10-26,,2020-10-25,2020-10-26,53,896,2,5,4,3,389
906,2020-07-15,2020-07-22,,2020-07-15,2020-07-22,20,393,1,3,6,5,503
907,2019-10-01,2019-10-11,,2019-10-01,2019-10-11,5,658,1,6,4,6,210
908,2018-06-08,2018-06-28,2018-06-07,2018-06-08,2018-06-28,52,437,1,6,4,3,391
909,2019-05-02,2019-05-07,,2019-05-02,2019-05-07,46,967,3,6,1,7,389
910,2020-08-26,2020-09-06,,2020-08-26,2020-09-06,47,986,3,4,6,7,194
911,2022-01-02,2022-01-05,,2022-01-02,2022-01-05,7,370,3,3,4,6,390
912,2020-02-02,2020-02-22,,2020-02-02,2020-02-22,1,210,2,2,3,4,784
913,2021-10-13,2021-10-30,,2021-10-13,2021-10-30,15,142,3,2,6,3,406
914,2021-06-19,2021-06-24,2021-06-14,2021-06-19,2021-06-24,1,303,1,3,2,1,415
915,2018-06-18,2018-06-25,,2018-06-18,2018-06-25,70,399,1,4,3,2,167
916,2021-11-23,2021-12-11,,2021-11-23,2021-12-11,23,129,3,1,4,6,482
917,2021-03-20,2021-04-06,,2021-03-20,2021-04-06,57,489,3,5,2,4,297
918,2021-06-04,2021-06-19,,2021-06-04,2021-06-19,1,275,1,1,5,1,526
919,2021-06-01,2021-06-12,,2021-06-01,2021-06-12,56,39,3,4,2,6,734
920,2019-05-05,2019-05-19,,2019-05-05,2019-05-19,57,185,3,3,6,6,161
921,2021-01-05,2021-01-07,,2021-01-05,2021-01-07,56,586,3,1,4,5,250
922,2020-04-29,2020-05-18,,2020-04-29,2020-05-18,16,281,1,2,1,7,777
923,2021-04-14,2021-05-01,,2021-04-14,2021-05-01,57,756,2,6,3,4,498
924,2020-07-14,2020-07-20,,2020-07-14,2020-07-20,6,859,3,4,1,4,459
925,2020-10-02,2020-10-19,,2020-10-02,2020-10-19,39,180,2,3,6,7,142
926,2020-11-16,2020-11-28,,2020-11-16,2020-11-28,5,488,1,4,4,6,644
927,2019-11-03,2019-11-16,2019-11-02,2019-11-03,2019-11-16,8,95,3,4,3,4,189
928,2022-06-08,2022-06-12,,2022-06-08,2022-06-12,70,230,1,5,1,3,520
929,2022-08-07,2022-08-20,,2022-08-07,2022-08-20,31,869,1,4,1,1,654
930,2020-12-30,2021-01-17,2020-12-23,2020-12-30,2021-01-17,19,646,1,1,7,3,730
931,2021-02-26,2021-03-11,,2021-02-26,2021-03-11,55,345,1,6,5,4,523
932,2018-10-17,2018-11-04,,2018-10-17,2018-11-04,20,56,2,1,6,6,536
933,2019-08-28,2019-09-09,2019-08-26,2019-08-28,2019-09-09,64,371,1,5,3,7,613
934,2020-04-19,2020-05-02,2020-04-12,2020-04-19,2020-05-02,23,916,1,2,6,6,354
935,2019-03-05,2019-03-20,,2019-03-05,2019-03-20,11,599,2,1,1,5,691
936,2018-12-03,2018-12-15,,2018-12-03,2018-12-15,46,585,1,4,7,4,317
937,2019-03-17,2019-03-31,,2019-03-17,2019-03-31,14,149,3,1,2,6,696
938,2022-07-31,2022-08-14,,2022-07-31,2022-08-14,34,462,3,3,4,4,159
939,2019-04-19,2019-04-25,,2019-04-19,2019-04-25,23,470,2,5,3,7,512
940,2021-12-19,2022-01-05,,2021-12-19,2022-01-05,57,552,3,6,7,7,753
941,2022-09-30,2022-10-09,,2022-09-30,2022-10-09,1,725,1,4,3,4,556
942,2022-03-04,2022-03-10,2022-02-17,2022-03-04,2022-03-10,42,989,1,3,2,2,770
943,2020-01-17,2020-01-29,,2020-01-17,2020-01-29,9,850,1,4,3,2,782
944,2020-06-10,2020-06-19,,2020-06-10,2020-06-19,0,509,1,3,7,7,306
945,2019-12-24,2020-01-06,2019-12-17,2019-12-24,2020-01-06,18,669,2,2,3,6,713
946,2020-10-03,2020-10-18,,2020-10-03,2020-10-18,65,443,2,1,3,6,104
947,2018-11-06,2018-11-22,,2018-11-06,2018-11-22,32,546,2,1,5,7,111
948,2021-01-21,2021-01-24,2021-01-16,2021-01-21,2021-01-24,16,555,1,1,7,4,109
949,2022-09-08,2022-09-12,2022-09-07,2022-09-08,2022-09-12,47,247,2,6,5,4,352
950,2020-08-22,2020-09-11,2020-08-21,2020-08-22,2020-09-11,35,853,2,4,2,7,638
951,2021-12-30,2022-01-03,,2021-12-30,2022-01-03,42,721,2,2,3,2,635
952,2021-04-02,2021-04-06,,2021-04-02,2021-04-06,40,495,2,2,4,6,759
953,2020-12-31,2021-01-04,,2020-12-31,2021-01-04,16,9,2,6,1,2,692
954,2019-01-07,2019-01-27,,2019-01-07,2019-01-27,13,385,1,1,1,4,494
955,2019-01-05,2019-01-15,,2019-01-05,2019-01-15,70,577,1,4,7,5,401
956,2021-08-07,2021-08-26,,2021-08-07,2021-08-26,27,791,3,4,1,7,655
957,2020-09-05,2020-09-21,2020-08-26,2020-09-05,2020-09-21,21,836,1,5,7,7,722
958,2018-04-18,2018-05-07,,2018-04-18,2018-05-07,48,795,2,6,7,7,269
959,2018-10-28,2018-11-03,,2018-10-28,2018-11-03,7,444,2,5,2,6,678
960,2018-10-10,2018-10-12,,2018-10-10,2018-10-12,58,145,1,6,4,1,638
961,2021-01-10,2021-01-25,,2021-01-10,2021-01-25,14,576,1,1,7,3,616
962,2018-01-10,2018-01-29,2017-12-26,2018-01-10,2018-01-29,12,529,2,4,3,3,621
963,2021-07-23,2021-07-25,,2021-07-23,2021-07-25,8,75,2,1,4,7,205
964,2022-09-09,2022-09-19,,2022-09-09,2022-09-19,51,122,1,4,3,6,231
965,2018-11-13,2018-12-03,2018-11-07,2018-11-13,2018-12-03,60,316,2,3,6,4,781
966,2018-04-14,2018-04-29,,2018-04-14,2018-04-29,42,858,2,3,4,4,647
967,2019-12-05,2019-12-23,,2019-12-05,2019-12-23,47,551,2,4,1,7,604
968,2021-01-10,2021-01-23,2020-12-27,2021-01-10,2021-01-23,43,666,3,1,7,3,269
969,2021-11-13,2021-11-24,,2021-11-13,2021-11-24,68,392,2,2,5,5,495
970,2020-09-21,2020-09-26,,2020-09-21,2020-09-26,35,390,1,6,7,4,151
971,2020-10-22,2020-10-30,,2020-10-22,2020-10-30,22,900,2,5,7,7,128
972,2022-03-15,2022-03-31,,2022-03-15,2022-03-31,52,497,2,1,7,6,709
973,2021-04-14,2021-04-29,,2021-04-14,2021-04-29,18,925,3,4,7,6,232
974,2020-06-23,2020-06-30,,2020-06-23,2020-06-30,6,408,1,4,6,1,191
975,2021-08-09,2021-08-19,,2021-08-09,2021-08-19,36,898,3,1,5,7,769
976,2018-04-05,2018-04-12,,2018-04-05,2018-04-12,29,999,3,1,3,5,223
977,2020-08-28,2020-09-15,,2020-08-28,2020-09-15,65,605,1,5,2,5,716
978,2018-02-11,2018-02-18,,2018-02-11,2018-02-18,2,267,2,6,3,6,731
979,2021-07-08,2021-07-21,,2021-07-08,2021-07-21,15,292,3,5,4,3,354
980,2021-01-13,2021-01-22,,2021-01-13,2021-01-22,25,676,2,1,6,2,377
981,2018-01-23,2018-02-03,,2018-01-23,2018-02-03,17,85,1,4,6,3,565
982,2018-08-04,2018-08-07,2018-07-28,2018-08-04,2018-08-07,26,184,2,4,7,6,380
983,2022-01-04,2022-01-13,,2022-01-04,2022-01-13,1,497,3,4,4,7,390
984,2019-04-13,2019-04-24,,2019-04-13,2019-04-24,8,93,1,1,5,6,567
985,2019-07-20,2019-08-03,,2019-07-20,2019-08-03,67,508,1,4,6,6,481
986,2018-08-06,2018-08-10,2018-07-26,2018-08-06,2018-08-10,64,814,2,4,6,2,633
987,2018-12-30,2018-12-31,,2018-12-30,2018-12-31,41,458,2,3,7,2,413
988,2022-03-20,2022-04-05,,2022-03-20,2022-04-05,48,774,2,5,2,5,104
989,2021-11-22,2021-11-29,,2021-11-22,2021-11-29,54,604,1,6,1,5,411
990,2022-11-30,2022-12-09,,2022-11-30,2022-12-09,41,870,1,1,3,4,337
991,2020-01-31,2020-02-07,,2020-01-31,2020-02-07,24,627,3,1,2,6,407
992,2019-04-27,2019-05-04,2019-04-25,2019-04-27,2019-05-04,60,78,3,6,7,3,752
993,2019-01-25,2019-01-26,,2019-01-25,2019-01-26,17,209,1,3,5,5,372
994,2020-01-23,2020-01-24,,2020-01-23,2020-01-24,57,799,3,5,2,5,252
995,2020-01-15,2020-01-18,,2020-01-15,2020-01-18,14,661,3,3,1,4,577
996,2020-04-24,2020-05-13,,2020-04-24,2020-05-13,4,564,2,3,5,1,678
997,2022-01-23,2022-02-01,,2022-01-23,2022-02-01,22,905,1,1,1,4,222
998,2020-05-10,2020-05-12,,2020-05-10,2020-05-12,44,106,3,6,3,4,384
999,2020-11-14,2020-11-30,,2020-11-14,2020-11-30,42,571,3,4,1,4,487
1000,2022-12-22,2022-12-27,,2022-12-22,2022-12-27,41,89,1,1,2,6,158
